/*
 Navicat Premium Data Transfer

 Source Server         : 127.0.0.1_3306
 Source Server Type    : MySQL
 Source Server Version : 50615
 Source Host           : 127.0.0.1:3306
 Source Schema         : mrbird

 Target Server Type    : MySQL
 Target Server Version : 50615
 File Encoding         : 65001

 Date: 10/06/2019 09:06:36
*/

SET NAMES utf8mb4;
SET FOREIGN_KEY_CHECKS = 0;

-- ----------------------------
-- Table structure for qrtz_blob_triggers
-- ----------------------------
DROP TABLE IF EXISTS `qrtz_blob_triggers`;
CREATE TABLE `qrtz_blob_triggers`  (
  `SCHED_NAME` varchar(120) CHARACTER SET utf8 COLLATE utf8_general_ci NOT NULL,
  `TRIGGER_NAME` varchar(200) CHARACTER SET utf8 COLLATE utf8_general_ci NOT NULL,
  `TRIGGER_GROUP` varchar(200) CHARACTER SET utf8 COLLATE utf8_general_ci NOT NULL,
  `BLOB_DATA` blob NULL,
  PRIMARY KEY (`SCHED_NAME`, `TRIGGER_NAME`, `TRIGGER_GROUP`) USING BTREE,
  CONSTRAINT `qrtz_blob_triggers_ibfk_1` FOREIGN KEY (`SCHED_NAME`, `TRIGGER_NAME`, `TRIGGER_GROUP`) REFERENCES `qrtz_triggers` (`SCHED_NAME`, `TRIGGER_NAME`, `TRIGGER_GROUP`) ON DELETE RESTRICT ON UPDATE RESTRICT
) ENGINE = InnoDB CHARACTER SET = utf8 COLLATE = utf8_general_ci ROW_FORMAT = Compact;

-- ----------------------------
-- Table structure for qrtz_calendars
-- ----------------------------
DROP TABLE IF EXISTS `qrtz_calendars`;
CREATE TABLE `qrtz_calendars`  (
  `SCHED_NAME` varchar(120) CHARACTER SET utf8 COLLATE utf8_general_ci NOT NULL,
  `CALENDAR_NAME` varchar(200) CHARACTER SET utf8 COLLATE utf8_general_ci NOT NULL,
  `CALENDAR` blob NOT NULL,
  PRIMARY KEY (`SCHED_NAME`, `CALENDAR_NAME`) USING BTREE
) ENGINE = InnoDB CHARACTER SET = utf8 COLLATE = utf8_general_ci ROW_FORMAT = Compact;

-- ----------------------------
-- Table structure for qrtz_cron_triggers
-- ----------------------------
DROP TABLE IF EXISTS `qrtz_cron_triggers`;
CREATE TABLE `qrtz_cron_triggers`  (
  `SCHED_NAME` varchar(120) CHARACTER SET utf8 COLLATE utf8_general_ci NOT NULL,
  `TRIGGER_NAME` varchar(200) CHARACTER SET utf8 COLLATE utf8_general_ci NOT NULL,
  `TRIGGER_GROUP` varchar(200) CHARACTER SET utf8 COLLATE utf8_general_ci NOT NULL,
  `CRON_EXPRESSION` varchar(200) CHARACTER SET utf8 COLLATE utf8_general_ci NOT NULL,
  `TIME_ZONE_ID` varchar(80) CHARACTER SET utf8 COLLATE utf8_general_ci NULL DEFAULT NULL,
  PRIMARY KEY (`SCHED_NAME`, `TRIGGER_NAME`, `TRIGGER_GROUP`) USING BTREE,
  CONSTRAINT `qrtz_cron_triggers_ibfk_1` FOREIGN KEY (`SCHED_NAME`, `TRIGGER_NAME`, `TRIGGER_GROUP`) REFERENCES `qrtz_triggers` (`SCHED_NAME`, `TRIGGER_NAME`, `TRIGGER_GROUP`) ON DELETE RESTRICT ON UPDATE RESTRICT
) ENGINE = InnoDB CHARACTER SET = utf8 COLLATE = utf8_general_ci ROW_FORMAT = Compact;

-- ----------------------------
-- Records of qrtz_cron_triggers
-- ----------------------------
INSERT INTO `qrtz_cron_triggers` VALUES ('MyScheduler', 'TASK_1', 'DEFAULT', '0/1 * * * * ?', 'Asia/Shanghai');
INSERT INTO `qrtz_cron_triggers` VALUES ('MyScheduler', 'TASK_11', 'DEFAULT', '0/5 * * * * ?', 'Asia/Shanghai');
INSERT INTO `qrtz_cron_triggers` VALUES ('MyScheduler', 'TASK_2', 'DEFAULT', '0/10 * * * * ?', 'Asia/Shanghai');
INSERT INTO `qrtz_cron_triggers` VALUES ('MyScheduler', 'TASK_3', 'DEFAULT', '0/1 * * * * ?', 'Asia/Shanghai');

-- ----------------------------
-- Table structure for qrtz_fired_triggers
-- ----------------------------
DROP TABLE IF EXISTS `qrtz_fired_triggers`;
CREATE TABLE `qrtz_fired_triggers`  (
  `SCHED_NAME` varchar(120) CHARACTER SET utf8 COLLATE utf8_general_ci NOT NULL,
  `ENTRY_ID` varchar(95) CHARACTER SET utf8 COLLATE utf8_general_ci NOT NULL,
  `TRIGGER_NAME` varchar(200) CHARACTER SET utf8 COLLATE utf8_general_ci NOT NULL,
  `TRIGGER_GROUP` varchar(200) CHARACTER SET utf8 COLLATE utf8_general_ci NOT NULL,
  `INSTANCE_NAME` varchar(200) CHARACTER SET utf8 COLLATE utf8_general_ci NOT NULL,
  `FIRED_TIME` bigint(13) NOT NULL,
  `SCHED_TIME` bigint(13) NOT NULL,
  `PRIORITY` int(11) NOT NULL,
  `STATE` varchar(16) CHARACTER SET utf8 COLLATE utf8_general_ci NOT NULL,
  `JOB_NAME` varchar(200) CHARACTER SET utf8 COLLATE utf8_general_ci NULL DEFAULT NULL,
  `JOB_GROUP` varchar(200) CHARACTER SET utf8 COLLATE utf8_general_ci NULL DEFAULT NULL,
  `IS_NONCONCURRENT` varchar(1) CHARACTER SET utf8 COLLATE utf8_general_ci NULL DEFAULT NULL,
  `REQUESTS_RECOVERY` varchar(1) CHARACTER SET utf8 COLLATE utf8_general_ci NULL DEFAULT NULL,
  PRIMARY KEY (`SCHED_NAME`, `ENTRY_ID`) USING BTREE
) ENGINE = InnoDB CHARACTER SET = utf8 COLLATE = utf8_general_ci ROW_FORMAT = Compact;

-- ----------------------------
-- Table structure for qrtz_job_details
-- ----------------------------
DROP TABLE IF EXISTS `qrtz_job_details`;
CREATE TABLE `qrtz_job_details`  (
  `SCHED_NAME` varchar(120) CHARACTER SET utf8 COLLATE utf8_general_ci NOT NULL,
  `JOB_NAME` varchar(200) CHARACTER SET utf8 COLLATE utf8_general_ci NOT NULL,
  `JOB_GROUP` varchar(200) CHARACTER SET utf8 COLLATE utf8_general_ci NOT NULL,
  `DESCRIPTION` varchar(250) CHARACTER SET utf8 COLLATE utf8_general_ci NULL DEFAULT NULL,
  `JOB_CLASS_NAME` varchar(250) CHARACTER SET utf8 COLLATE utf8_general_ci NOT NULL,
  `IS_DURABLE` varchar(1) CHARACTER SET utf8 COLLATE utf8_general_ci NOT NULL,
  `IS_NONCONCURRENT` varchar(1) CHARACTER SET utf8 COLLATE utf8_general_ci NOT NULL,
  `IS_UPDATE_DATA` varchar(1) CHARACTER SET utf8 COLLATE utf8_general_ci NOT NULL,
  `REQUESTS_RECOVERY` varchar(1) CHARACTER SET utf8 COLLATE utf8_general_ci NOT NULL,
  `JOB_DATA` blob NULL,
  PRIMARY KEY (`SCHED_NAME`, `JOB_NAME`, `JOB_GROUP`) USING BTREE
) ENGINE = InnoDB CHARACTER SET = utf8 COLLATE = utf8_general_ci ROW_FORMAT = Compact;

-- ----------------------------
-- Records of qrtz_job_details
-- ----------------------------
INSERT INTO `qrtz_job_details` VALUES ('MyScheduler', 'TASK_1', 'DEFAULT', NULL, 'cc.mrbird.job.util.ScheduleJob', '0', '0', '0', '0', 0xACED0005737200156F72672E71756172747A2E4A6F62446174614D61709FB083E8BFA9B0CB020000787200266F72672E71756172747A2E7574696C732E537472696E674B65794469727479466C61674D61708208E8C3FBC55D280200015A0013616C6C6F77735472616E7369656E74446174617872001D6F72672E71756172747A2E7574696C732E4469727479466C61674D617013E62EAD28760ACE0200025A000564697274794C00036D617074000F4C6A6176612F7574696C2F4D61703B787001737200116A6176612E7574696C2E486173684D61700507DAC1C31660D103000246000A6C6F6164466163746F724900097468726573686F6C6478703F4000000000000C7708000000100000000174000D4A4F425F504152414D5F4B45597372001863632E6D72626972642E6A6F622E646F6D61696E2E4A6F62058D52AC1093A3040200084C00086265616E4E616D657400124C6A6176612F6C616E672F537472696E673B4C000A63726561746554696D657400104C6A6176612F7574696C2F446174653B4C000E63726F6E45787072657373696F6E71007E00094C00056A6F6249647400104C6A6176612F6C616E672F4C6F6E673B4C000A6D6574686F644E616D6571007E00094C0006706172616D7371007E00094C000672656D61726B71007E00094C000673746174757371007E00097870740008746573745461736B7372000E6A6176612E7574696C2E44617465686A81014B5974190300007870770800000161C6EB70707874000D302F31202A202A202A202A203F7372000E6A6176612E6C616E672E4C6F6E673B8BE490CC8F23DF0200014A000576616C7565787200106A6176612E6C616E672E4E756D62657286AC951D0B94E08B02000078700000000000000001740004746573747400066D7262697264740018E69C89E58F82E4BBBBE58AA1E8B083E5BAA6E6B58BE8AF95740001317800);
INSERT INTO `qrtz_job_details` VALUES ('MyScheduler', 'TASK_11', 'DEFAULT', NULL, 'cc.mrbird.job.util.ScheduleJob', '0', '0', '0', '0', 0xACED0005737200156F72672E71756172747A2E4A6F62446174614D61709FB083E8BFA9B0CB020000787200266F72672E71756172747A2E7574696C732E537472696E674B65794469727479466C61674D61708208E8C3FBC55D280200015A0013616C6C6F77735472616E7369656E74446174617872001D6F72672E71756172747A2E7574696C732E4469727479466C61674D617013E62EAD28760ACE0200025A000564697274794C00036D617074000F4C6A6176612F7574696C2F4D61703B787001737200116A6176612E7574696C2E486173684D61700507DAC1C31660D103000246000A6C6F6164466163746F724900097468726573686F6C6478703F4000000000000C7708000000100000000174000D4A4F425F504152414D5F4B45597372001863632E6D72626972642E6A6F622E646F6D61696E2E4A6F62058D52AC1093A3040200084C00086265616E4E616D657400124C6A6176612F6C616E672F537472696E673B4C000A63726561746554696D657400104C6A6176612F7574696C2F446174653B4C000E63726F6E45787072657373696F6E71007E00094C00056A6F6249647400104C6A6176612F6C616E672F4C6F6E673B4C000A6D6574686F644E616D6571007E00094C0006706172616D7371007E00094C000672656D61726B71007E00094C000673746174757371007E00097870740008746573745461736B7372000E6A6176612E7574696C2E44617465686A81014B5974190300007870770800000161D01BAC507874000D302F35202A202A202A202A203F7372000E6A6176612E6C616E672E4C6F6E673B8BE490CC8F23DF0200014A000576616C7565787200106A6176612E6C616E672E4E756D62657286AC951D0B94E08B0200007870000000000000000B74000574657374327074000CE6B58BE8AF95E5BC82E5B8B8740001317800);
INSERT INTO `qrtz_job_details` VALUES ('MyScheduler', 'TASK_2', 'DEFAULT', NULL, 'cc.mrbird.job.util.ScheduleJob', '0', '0', '0', '0', 0xACED0005737200156F72672E71756172747A2E4A6F62446174614D61709FB083E8BFA9B0CB020000787200266F72672E71756172747A2E7574696C732E537472696E674B65794469727479466C61674D61708208E8C3FBC55D280200015A0013616C6C6F77735472616E7369656E74446174617872001D6F72672E71756172747A2E7574696C732E4469727479466C61674D617013E62EAD28760ACE0200025A000564697274794C00036D617074000F4C6A6176612F7574696C2F4D61703B787001737200116A6176612E7574696C2E486173684D61700507DAC1C31660D103000246000A6C6F6164466163746F724900097468726573686F6C6478703F4000000000000C7708000000100000000174000D4A4F425F504152414D5F4B45597372001863632E6D72626972642E6A6F622E646F6D61696E2E4A6F62058D52AC1093A3040200084C00086265616E4E616D657400124C6A6176612F6C616E672F537472696E673B4C000A63726561746554696D657400104C6A6176612F7574696C2F446174653B4C000E63726F6E45787072657373696F6E71007E00094C00056A6F6249647400104C6A6176612F6C616E672F4C6F6E673B4C000A6D6574686F644E616D6571007E00094C0006706172616D7371007E00094C000672656D61726B71007E00094C000673746174757371007E00097870740008746573745461736B7372000E6A6176612E7574696C2E44617465686A81014B5974190300007870770800000161C71032987874000E302F3130202A202A202A202A203F7372000E6A6176612E6C616E672E4C6F6E673B8BE490CC8F23DF0200014A000576616C7565787200106A6176612E6C616E672E4E756D62657286AC951D0B94E08B02000078700000000000000002740005746573743170740018E697A0E58F82E4BBBBE58AA1E8B083E5BAA6E6B58BE8AF95740001317800);
INSERT INTO `qrtz_job_details` VALUES ('MyScheduler', 'TASK_3', 'DEFAULT', NULL, 'cc.mrbird.job.util.ScheduleJob', '0', '0', '0', '0', 0xACED0005737200156F72672E71756172747A2E4A6F62446174614D61709FB083E8BFA9B0CB020000787200266F72672E71756172747A2E7574696C732E537472696E674B65794469727479466C61674D61708208E8C3FBC55D280200015A0013616C6C6F77735472616E7369656E74446174617872001D6F72672E71756172747A2E7574696C732E4469727479466C61674D617013E62EAD28760ACE0200025A000564697274794C00036D617074000F4C6A6176612F7574696C2F4D61703B787001737200116A6176612E7574696C2E486173684D61700507DAC1C31660D103000246000A6C6F6164466163746F724900097468726573686F6C6478703F4000000000000C7708000000100000000174000D4A4F425F504152414D5F4B45597372001863632E6D72626972642E6A6F622E646F6D61696E2E4A6F62058D52AC1093A3040200084C00086265616E4E616D657400124C6A6176612F6C616E672F537472696E673B4C000A63726561746554696D657400104C6A6176612F7574696C2F446174653B4C000E63726F6E45787072657373696F6E71007E00094C00056A6F6249647400104C6A6176612F6C616E672F4C6F6E673B4C000A6D6574686F644E616D6571007E00094C0006706172616D7371007E00094C000672656D61726B71007E00094C000673746174757371007E00097870740008746573745461736B7372000E6A6176612E7574696C2E44617465686A81014B5974190300007870770800000161CFB9A6907874000D302F31202A202A202A202A203F7372000E6A6176612E6C616E672E4C6F6E673B8BE490CC8F23DF0200014A000576616C7565787200106A6176612E6C616E672E4E756D62657286AC951D0B94E08B020000787000000000000000037400047465737474000B68656C6C6F20776F726C6474002BE69C89E58F82E4BBBBE58AA1E8B083E5BAA6E6B58BE8AF952CE6AF8FE99A94E4B880E7A792E8A7A6E58F91740001317800);

-- ----------------------------
-- Table structure for qrtz_locks
-- ----------------------------
DROP TABLE IF EXISTS `qrtz_locks`;
CREATE TABLE `qrtz_locks`  (
  `SCHED_NAME` varchar(120) CHARACTER SET utf8 COLLATE utf8_general_ci NOT NULL,
  `LOCK_NAME` varchar(40) CHARACTER SET utf8 COLLATE utf8_general_ci NOT NULL,
  PRIMARY KEY (`SCHED_NAME`, `LOCK_NAME`) USING BTREE
) ENGINE = InnoDB CHARACTER SET = utf8 COLLATE = utf8_general_ci ROW_FORMAT = Compact;

-- ----------------------------
-- Records of qrtz_locks
-- ----------------------------
INSERT INTO `qrtz_locks` VALUES ('MyScheduler', 'STATE_ACCESS');
INSERT INTO `qrtz_locks` VALUES ('MyScheduler', 'TRIGGER_ACCESS');

-- ----------------------------
-- Table structure for qrtz_paused_trigger_grps
-- ----------------------------
DROP TABLE IF EXISTS `qrtz_paused_trigger_grps`;
CREATE TABLE `qrtz_paused_trigger_grps`  (
  `SCHED_NAME` varchar(120) CHARACTER SET utf8 COLLATE utf8_general_ci NOT NULL,
  `TRIGGER_GROUP` varchar(200) CHARACTER SET utf8 COLLATE utf8_general_ci NOT NULL,
  PRIMARY KEY (`SCHED_NAME`, `TRIGGER_GROUP`) USING BTREE
) ENGINE = InnoDB CHARACTER SET = utf8 COLLATE = utf8_general_ci ROW_FORMAT = Compact;

-- ----------------------------
-- Table structure for qrtz_scheduler_state
-- ----------------------------
DROP TABLE IF EXISTS `qrtz_scheduler_state`;
CREATE TABLE `qrtz_scheduler_state`  (
  `SCHED_NAME` varchar(120) CHARACTER SET utf8 COLLATE utf8_general_ci NOT NULL,
  `INSTANCE_NAME` varchar(200) CHARACTER SET utf8 COLLATE utf8_general_ci NOT NULL,
  `LAST_CHECKIN_TIME` bigint(13) NOT NULL,
  `CHECKIN_INTERVAL` bigint(13) NOT NULL,
  PRIMARY KEY (`SCHED_NAME`, `INSTANCE_NAME`) USING BTREE
) ENGINE = InnoDB CHARACTER SET = utf8 COLLATE = utf8_general_ci ROW_FORMAT = Compact;

-- ----------------------------
-- Records of qrtz_scheduler_state
-- ----------------------------
INSERT INTO `qrtz_scheduler_state` VALUES ('MyScheduler', 'DESKTOP-8HKLTUO1559725117781', 1559731019753, 15000);

-- ----------------------------
-- Table structure for qrtz_simple_triggers
-- ----------------------------
DROP TABLE IF EXISTS `qrtz_simple_triggers`;
CREATE TABLE `qrtz_simple_triggers`  (
  `SCHED_NAME` varchar(120) CHARACTER SET utf8 COLLATE utf8_general_ci NOT NULL,
  `TRIGGER_NAME` varchar(200) CHARACTER SET utf8 COLLATE utf8_general_ci NOT NULL,
  `TRIGGER_GROUP` varchar(200) CHARACTER SET utf8 COLLATE utf8_general_ci NOT NULL,
  `REPEAT_COUNT` bigint(7) NOT NULL,
  `REPEAT_INTERVAL` bigint(12) NOT NULL,
  `TIMES_TRIGGERED` bigint(10) NOT NULL,
  PRIMARY KEY (`SCHED_NAME`, `TRIGGER_NAME`, `TRIGGER_GROUP`) USING BTREE,
  CONSTRAINT `qrtz_simple_triggers_ibfk_1` FOREIGN KEY (`SCHED_NAME`, `TRIGGER_NAME`, `TRIGGER_GROUP`) REFERENCES `qrtz_triggers` (`SCHED_NAME`, `TRIGGER_NAME`, `TRIGGER_GROUP`) ON DELETE RESTRICT ON UPDATE RESTRICT
) ENGINE = InnoDB CHARACTER SET = utf8 COLLATE = utf8_general_ci ROW_FORMAT = Compact;

-- ----------------------------
-- Table structure for qrtz_simprop_triggers
-- ----------------------------
DROP TABLE IF EXISTS `qrtz_simprop_triggers`;
CREATE TABLE `qrtz_simprop_triggers`  (
  `SCHED_NAME` varchar(120) CHARACTER SET utf8 COLLATE utf8_general_ci NOT NULL,
  `TRIGGER_NAME` varchar(200) CHARACTER SET utf8 COLLATE utf8_general_ci NOT NULL,
  `TRIGGER_GROUP` varchar(200) CHARACTER SET utf8 COLLATE utf8_general_ci NOT NULL,
  `STR_PROP_1` varchar(512) CHARACTER SET utf8 COLLATE utf8_general_ci NULL DEFAULT NULL,
  `STR_PROP_2` varchar(512) CHARACTER SET utf8 COLLATE utf8_general_ci NULL DEFAULT NULL,
  `STR_PROP_3` varchar(512) CHARACTER SET utf8 COLLATE utf8_general_ci NULL DEFAULT NULL,
  `INT_PROP_1` int(11) NULL DEFAULT NULL,
  `INT_PROP_2` int(11) NULL DEFAULT NULL,
  `LONG_PROP_1` bigint(20) NULL DEFAULT NULL,
  `LONG_PROP_2` bigint(20) NULL DEFAULT NULL,
  `DEC_PROP_1` decimal(13, 4) NULL DEFAULT NULL,
  `DEC_PROP_2` decimal(13, 4) NULL DEFAULT NULL,
  `BOOL_PROP_1` varchar(1) CHARACTER SET utf8 COLLATE utf8_general_ci NULL DEFAULT NULL,
  `BOOL_PROP_2` varchar(1) CHARACTER SET utf8 COLLATE utf8_general_ci NULL DEFAULT NULL,
  PRIMARY KEY (`SCHED_NAME`, `TRIGGER_NAME`, `TRIGGER_GROUP`) USING BTREE,
  CONSTRAINT `qrtz_simprop_triggers_ibfk_1` FOREIGN KEY (`SCHED_NAME`, `TRIGGER_NAME`, `TRIGGER_GROUP`) REFERENCES `qrtz_triggers` (`SCHED_NAME`, `TRIGGER_NAME`, `TRIGGER_GROUP`) ON DELETE RESTRICT ON UPDATE RESTRICT
) ENGINE = InnoDB CHARACTER SET = utf8 COLLATE = utf8_general_ci ROW_FORMAT = Compact;

-- ----------------------------
-- Table structure for qrtz_triggers
-- ----------------------------
DROP TABLE IF EXISTS `qrtz_triggers`;
CREATE TABLE `qrtz_triggers`  (
  `SCHED_NAME` varchar(120) CHARACTER SET utf8 COLLATE utf8_general_ci NOT NULL,
  `TRIGGER_NAME` varchar(200) CHARACTER SET utf8 COLLATE utf8_general_ci NOT NULL,
  `TRIGGER_GROUP` varchar(200) CHARACTER SET utf8 COLLATE utf8_general_ci NOT NULL,
  `JOB_NAME` varchar(200) CHARACTER SET utf8 COLLATE utf8_general_ci NOT NULL,
  `JOB_GROUP` varchar(200) CHARACTER SET utf8 COLLATE utf8_general_ci NOT NULL,
  `DESCRIPTION` varchar(250) CHARACTER SET utf8 COLLATE utf8_general_ci NULL DEFAULT NULL,
  `NEXT_FIRE_TIME` bigint(13) NULL DEFAULT NULL,
  `PREV_FIRE_TIME` bigint(13) NULL DEFAULT NULL,
  `PRIORITY` int(11) NULL DEFAULT NULL,
  `TRIGGER_STATE` varchar(16) CHARACTER SET utf8 COLLATE utf8_general_ci NOT NULL,
  `TRIGGER_TYPE` varchar(8) CHARACTER SET utf8 COLLATE utf8_general_ci NOT NULL,
  `START_TIME` bigint(13) NOT NULL,
  `END_TIME` bigint(13) NULL DEFAULT NULL,
  `CALENDAR_NAME` varchar(200) CHARACTER SET utf8 COLLATE utf8_general_ci NULL DEFAULT NULL,
  `MISFIRE_INSTR` smallint(2) NULL DEFAULT NULL,
  `JOB_DATA` blob NULL,
  PRIMARY KEY (`SCHED_NAME`, `TRIGGER_NAME`, `TRIGGER_GROUP`) USING BTREE,
  INDEX `SCHED_NAME`(`SCHED_NAME`, `JOB_NAME`, `JOB_GROUP`) USING BTREE,
  CONSTRAINT `qrtz_triggers_ibfk_1` FOREIGN KEY (`SCHED_NAME`, `JOB_NAME`, `JOB_GROUP`) REFERENCES `qrtz_job_details` (`SCHED_NAME`, `JOB_NAME`, `JOB_GROUP`) ON DELETE RESTRICT ON UPDATE RESTRICT
) ENGINE = InnoDB CHARACTER SET = utf8 COLLATE = utf8_general_ci ROW_FORMAT = Compact;

-- ----------------------------
-- Records of qrtz_triggers
-- ----------------------------
INSERT INTO `qrtz_triggers` VALUES ('MyScheduler', 'TASK_1', 'DEFAULT', 'TASK_1', 'DEFAULT', NULL, 1559183494000, -1, 5, 'PAUSED', 'CRON', 1559183494000, 0, NULL, 2, 0xACED0005737200156F72672E71756172747A2E4A6F62446174614D61709FB083E8BFA9B0CB020000787200266F72672E71756172747A2E7574696C732E537472696E674B65794469727479466C61674D61708208E8C3FBC55D280200015A0013616C6C6F77735472616E7369656E74446174617872001D6F72672E71756172747A2E7574696C732E4469727479466C61674D617013E62EAD28760ACE0200025A000564697274794C00036D617074000F4C6A6176612F7574696C2F4D61703B787001737200116A6176612E7574696C2E486173684D61700507DAC1C31660D103000246000A6C6F6164466163746F724900097468726573686F6C6478703F4000000000000C7708000000100000000174000D4A4F425F504152414D5F4B45597372001863632E6D72626972642E6A6F622E646F6D61696E2E4A6F62058D52AC1093A3040200084C00086265616E4E616D657400124C6A6176612F6C616E672F537472696E673B4C000A63726561746554696D657400104C6A6176612F7574696C2F446174653B4C000E63726F6E45787072657373696F6E71007E00094C00056A6F6249647400104C6A6176612F6C616E672F4C6F6E673B4C000A6D6574686F644E616D6571007E00094C0006706172616D7371007E00094C000672656D61726B71007E00094C000673746174757371007E00097870740008746573745461736B7372000E6A6176612E7574696C2E44617465686A81014B5974190300007870770800000161C6EB70707874000D302F31202A202A202A202A203F7372000E6A6176612E6C616E672E4C6F6E673B8BE490CC8F23DF0200014A000576616C7565787200106A6176612E6C616E672E4E756D62657286AC951D0B94E08B02000078700000000000000001740004746573747400066D7262697264740018E69C89E58F82E4BBBBE58AA1E8B083E5BAA6E6B58BE8AF95740001317800);
INSERT INTO `qrtz_triggers` VALUES ('MyScheduler', 'TASK_11', 'DEFAULT', 'TASK_11', 'DEFAULT', NULL, 1559183500000, -1, 5, 'PAUSED', 'CRON', 1559183496000, 0, NULL, 2, 0xACED0005737200156F72672E71756172747A2E4A6F62446174614D61709FB083E8BFA9B0CB020000787200266F72672E71756172747A2E7574696C732E537472696E674B65794469727479466C61674D61708208E8C3FBC55D280200015A0013616C6C6F77735472616E7369656E74446174617872001D6F72672E71756172747A2E7574696C732E4469727479466C61674D617013E62EAD28760ACE0200025A000564697274794C00036D617074000F4C6A6176612F7574696C2F4D61703B787001737200116A6176612E7574696C2E486173684D61700507DAC1C31660D103000246000A6C6F6164466163746F724900097468726573686F6C6478703F4000000000000C7708000000100000000174000D4A4F425F504152414D5F4B45597372001863632E6D72626972642E6A6F622E646F6D61696E2E4A6F62058D52AC1093A3040200084C00086265616E4E616D657400124C6A6176612F6C616E672F537472696E673B4C000A63726561746554696D657400104C6A6176612F7574696C2F446174653B4C000E63726F6E45787072657373696F6E71007E00094C00056A6F6249647400104C6A6176612F6C616E672F4C6F6E673B4C000A6D6574686F644E616D6571007E00094C0006706172616D7371007E00094C000672656D61726B71007E00094C000673746174757371007E00097870740008746573745461736B7372000E6A6176612E7574696C2E44617465686A81014B5974190300007870770800000161D01BAC507874000D302F35202A202A202A202A203F7372000E6A6176612E6C616E672E4C6F6E673B8BE490CC8F23DF0200014A000576616C7565787200106A6176612E6C616E672E4E756D62657286AC951D0B94E08B0200007870000000000000000B74000574657374327074000CE6B58BE8AF95E5BC82E5B8B8740001317800);
INSERT INTO `qrtz_triggers` VALUES ('MyScheduler', 'TASK_2', 'DEFAULT', 'TASK_2', 'DEFAULT', NULL, 1559183500000, -1, 5, 'PAUSED', 'CRON', 1559183494000, 0, NULL, 2, 0xACED0005737200156F72672E71756172747A2E4A6F62446174614D61709FB083E8BFA9B0CB020000787200266F72672E71756172747A2E7574696C732E537472696E674B65794469727479466C61674D61708208E8C3FBC55D280200015A0013616C6C6F77735472616E7369656E74446174617872001D6F72672E71756172747A2E7574696C732E4469727479466C61674D617013E62EAD28760ACE0200025A000564697274794C00036D617074000F4C6A6176612F7574696C2F4D61703B787001737200116A6176612E7574696C2E486173684D61700507DAC1C31660D103000246000A6C6F6164466163746F724900097468726573686F6C6478703F4000000000000C7708000000100000000174000D4A4F425F504152414D5F4B45597372001863632E6D72626972642E6A6F622E646F6D61696E2E4A6F62058D52AC1093A3040200084C00086265616E4E616D657400124C6A6176612F6C616E672F537472696E673B4C000A63726561746554696D657400104C6A6176612F7574696C2F446174653B4C000E63726F6E45787072657373696F6E71007E00094C00056A6F6249647400104C6A6176612F6C616E672F4C6F6E673B4C000A6D6574686F644E616D6571007E00094C0006706172616D7371007E00094C000672656D61726B71007E00094C000673746174757371007E00097870740008746573745461736B7372000E6A6176612E7574696C2E44617465686A81014B5974190300007870770800000161C71032987874000E302F3130202A202A202A202A203F7372000E6A6176612E6C616E672E4C6F6E673B8BE490CC8F23DF0200014A000576616C7565787200106A6176612E6C616E672E4E756D62657286AC951D0B94E08B02000078700000000000000002740005746573743170740018E697A0E58F82E4BBBBE58AA1E8B083E5BAA6E6B58BE8AF95740001317800);
INSERT INTO `qrtz_triggers` VALUES ('MyScheduler', 'TASK_3', 'DEFAULT', 'TASK_3', 'DEFAULT', NULL, 1559183496000, -1, 5, 'PAUSED', 'CRON', 1559183496000, 0, NULL, 2, 0xACED0005737200156F72672E71756172747A2E4A6F62446174614D61709FB083E8BFA9B0CB020000787200266F72672E71756172747A2E7574696C732E537472696E674B65794469727479466C61674D61708208E8C3FBC55D280200015A0013616C6C6F77735472616E7369656E74446174617872001D6F72672E71756172747A2E7574696C732E4469727479466C61674D617013E62EAD28760ACE0200025A000564697274794C00036D617074000F4C6A6176612F7574696C2F4D61703B787001737200116A6176612E7574696C2E486173684D61700507DAC1C31660D103000246000A6C6F6164466163746F724900097468726573686F6C6478703F4000000000000C7708000000100000000174000D4A4F425F504152414D5F4B45597372001863632E6D72626972642E6A6F622E646F6D61696E2E4A6F62058D52AC1093A3040200084C00086265616E4E616D657400124C6A6176612F6C616E672F537472696E673B4C000A63726561746554696D657400104C6A6176612F7574696C2F446174653B4C000E63726F6E45787072657373696F6E71007E00094C00056A6F6249647400104C6A6176612F6C616E672F4C6F6E673B4C000A6D6574686F644E616D6571007E00094C0006706172616D7371007E00094C000672656D61726B71007E00094C000673746174757371007E00097870740008746573745461736B7372000E6A6176612E7574696C2E44617465686A81014B5974190300007870770800000161CFB9A6907874000D302F31202A202A202A202A203F7372000E6A6176612E6C616E672E4C6F6E673B8BE490CC8F23DF0200014A000576616C7565787200106A6176612E6C616E672E4E756D62657286AC951D0B94E08B020000787000000000000000037400047465737474000B68656C6C6F20776F726C6474002BE69C89E58F82E4BBBBE58AA1E8B083E5BAA6E6B58BE8AF952CE6AF8FE99A94E4B880E7A792E8A7A6E58F91740001317800);

-- ----------------------------
-- Table structure for t_dept
-- ----------------------------
DROP TABLE IF EXISTS `t_dept`;
CREATE TABLE `t_dept`  (
  `DEPT_ID` bigint(20) NOT NULL AUTO_INCREMENT COMMENT '部门ID',
  `PARENT_ID` bigint(20) NOT NULL COMMENT '上级部门ID',
  `DEPT_NAME` varchar(100) CHARACTER SET utf8 COLLATE utf8_general_ci NOT NULL COMMENT '部门名称',
  `ORDER_NUM` bigint(20) NULL DEFAULT NULL COMMENT '排序',
  `CREATE_TIME` datetime(0) NULL DEFAULT NULL COMMENT '创建时间',
  PRIMARY KEY (`DEPT_ID`) USING BTREE
) ENGINE = InnoDB AUTO_INCREMENT = 7 CHARACTER SET = utf8 COLLATE = utf8_general_ci ROW_FORMAT = Compact;

-- ----------------------------
-- Records of t_dept
-- ----------------------------
INSERT INTO `t_dept` VALUES (1, 0, '开发部', NULL, '2018-01-04 15:42:26');
INSERT INTO `t_dept` VALUES (2, 1, '开发一部', NULL, '2018-01-04 15:42:34');
INSERT INTO `t_dept` VALUES (3, 1, '开发二部', NULL, '2018-01-04 15:42:29');
INSERT INTO `t_dept` VALUES (4, 0, '市场部', NULL, '2018-01-04 15:42:36');
INSERT INTO `t_dept` VALUES (5, 0, '人事部', NULL, '2018-01-04 15:42:32');
INSERT INTO `t_dept` VALUES (6, 0, '测试部', NULL, '2018-01-04 15:42:38');

-- ----------------------------
-- Table structure for t_dict
-- ----------------------------
DROP TABLE IF EXISTS `t_dict`;
CREATE TABLE `t_dict`  (
  `DICT_ID` bigint(20) NOT NULL AUTO_INCREMENT COMMENT '字典ID',
  `KEYY` bigint(20) NOT NULL COMMENT '键',
  `VALUEE` varchar(100) CHARACTER SET utf8 COLLATE utf8_general_ci NOT NULL COMMENT '值',
  `FIELD_NAME` varchar(100) CHARACTER SET utf8 COLLATE utf8_general_ci NOT NULL COMMENT '字段名称',
  `TABLE_NAME` varchar(100) CHARACTER SET utf8 COLLATE utf8_general_ci NOT NULL COMMENT '表名',
  PRIMARY KEY (`DICT_ID`) USING BTREE
) ENGINE = InnoDB AUTO_INCREMENT = 34 CHARACTER SET = utf8 COLLATE = utf8_general_ci ROW_FORMAT = Compact;

-- ----------------------------
-- Records of t_dict
-- ----------------------------
INSERT INTO `t_dict` VALUES (1, 0, '男', 'ssex', 't_user');
INSERT INTO `t_dict` VALUES (2, 1, '女', 'ssex', 't_user');
INSERT INTO `t_dict` VALUES (3, 2, '保密', 'ssex', 't_user');
INSERT INTO `t_dict` VALUES (4, 1, '有效', 'status', 't_user');
INSERT INTO `t_dict` VALUES (5, 0, '锁定', 'status', 't_user');
INSERT INTO `t_dict` VALUES (6, 0, '菜单', 'type', 't_menu');
INSERT INTO `t_dict` VALUES (7, 1, '按钮', 'type', 't_menu');
INSERT INTO `t_dict` VALUES (30, 0, '正常', 'status', 't_job');
INSERT INTO `t_dict` VALUES (31, 1, '暂停', 'status', 't_job');
INSERT INTO `t_dict` VALUES (32, 0, '成功', 'status', 't_job_log');
INSERT INTO `t_dict` VALUES (33, 1, '失败', 'status', 't_job_log');

-- ----------------------------
-- Table structure for t_job
-- ----------------------------
DROP TABLE IF EXISTS `t_job`;
CREATE TABLE `t_job`  (
  `JOB_ID` bigint(20) NOT NULL AUTO_INCREMENT COMMENT '任务id',
  `BEAN_NAME` varchar(100) CHARACTER SET utf8 COLLATE utf8_general_ci NOT NULL COMMENT 'spring bean名称',
  `METHOD_NAME` varchar(100) CHARACTER SET utf8 COLLATE utf8_general_ci NOT NULL COMMENT '方法名',
  `PARAMS` varchar(200) CHARACTER SET utf8 COLLATE utf8_general_ci NULL DEFAULT NULL COMMENT '参数',
  `CRON_EXPRESSION` varchar(100) CHARACTER SET utf8 COLLATE utf8_general_ci NOT NULL COMMENT 'cron表达式',
  `STATUS` char(2) CHARACTER SET utf8 COLLATE utf8_general_ci NOT NULL COMMENT '任务状态  0：正常  1：暂停',
  `REMARK` varchar(200) CHARACTER SET utf8 COLLATE utf8_general_ci NULL DEFAULT NULL COMMENT '备注',
  `CREATE_TIME` datetime(0) NULL DEFAULT NULL COMMENT '创建时间',
  PRIMARY KEY (`JOB_ID`) USING BTREE
) ENGINE = InnoDB AUTO_INCREMENT = 12 CHARACTER SET = utf8 COLLATE = utf8_general_ci ROW_FORMAT = Compact;

-- ----------------------------
-- Records of t_job
-- ----------------------------
INSERT INTO `t_job` VALUES (1, 'testTask', 'test', 'mrbird', '0/1 * * * * ?', '1', '有参任务调度测试', '2018-02-24 16:26:14');
INSERT INTO `t_job` VALUES (2, 'testTask', 'test1', NULL, '0/10 * * * * ?', '1', '无参任务调度测试', '2018-02-24 17:06:23');
INSERT INTO `t_job` VALUES (3, 'testTask', 'test', 'hello world', '0/1 * * * * ?', '1', '有参任务调度测试,每隔一秒触发', '2018-02-26 09:28:26');
INSERT INTO `t_job` VALUES (11, 'testTask', 'test2', NULL, '0/5 * * * * ?', '1', '测试异常', '2018-02-26 11:15:30');

-- ----------------------------
-- Table structure for t_job_log
-- ----------------------------
DROP TABLE IF EXISTS `t_job_log`;
CREATE TABLE `t_job_log`  (
  `LOG_ID` bigint(20) NOT NULL AUTO_INCREMENT COMMENT '任务日志id',
  `JOB_ID` bigint(20) NOT NULL COMMENT '任务id',
  `BEAN_NAME` varchar(100) CHARACTER SET utf8 COLLATE utf8_general_ci NOT NULL COMMENT 'spring bean名称',
  `METHOD_NAME` varchar(100) CHARACTER SET utf8 COLLATE utf8_general_ci NOT NULL COMMENT '方法名',
  `PARAMS` varchar(200) CHARACTER SET utf8 COLLATE utf8_general_ci NULL DEFAULT NULL COMMENT '参数',
  `STATUS` char(2) CHARACTER SET utf8 COLLATE utf8_general_ci NOT NULL COMMENT '任务状态    0：成功    1：失败',
  `ERROR` text CHARACTER SET utf8 COLLATE utf8_general_ci NULL COMMENT '失败信息',
  `TIMES` decimal(11, 0) NULL DEFAULT NULL COMMENT '耗时(单位：毫秒)',
  `CREATE_TIME` datetime(0) NULL DEFAULT NULL COMMENT '创建时间',
  PRIMARY KEY (`LOG_ID`) USING BTREE
) ENGINE = InnoDB AUTO_INCREMENT = 2476 CHARACTER SET = utf8 COLLATE = utf8_general_ci ROW_FORMAT = Compact;

-- ----------------------------
-- Records of t_job_log
-- ----------------------------
INSERT INTO `t_job_log` VALUES (2448, 3, 'testTask', 'test', 'hello world', '0', NULL, 0, '2018-03-20 15:31:50');
INSERT INTO `t_job_log` VALUES (2449, 3, 'testTask', 'test', 'hello world', '0', NULL, 1, '2018-03-20 15:31:51');
INSERT INTO `t_job_log` VALUES (2450, 3, 'testTask', 'test', 'hello world', '0', NULL, 2, '2018-03-20 15:31:52');
INSERT INTO `t_job_log` VALUES (2451, 3, 'testTask', 'test', 'hello world', '0', NULL, 0, '2018-03-20 15:31:53');
INSERT INTO `t_job_log` VALUES (2452, 3, 'testTask', 'test', 'hello world', '0', NULL, 2, '2018-03-20 15:31:54');
INSERT INTO `t_job_log` VALUES (2453, 3, 'testTask', 'test', 'hello world', '0', NULL, 1, '2018-03-20 15:31:55');
INSERT INTO `t_job_log` VALUES (2454, 3, 'testTask', 'test', 'hello world', '0', NULL, 0, '2018-03-20 15:31:56');
INSERT INTO `t_job_log` VALUES (2455, 3, 'testTask', 'test', 'hello world', '0', NULL, 1, '2018-03-20 15:31:57');
INSERT INTO `t_job_log` VALUES (2456, 3, 'testTask', 'test', 'hello world', '0', NULL, 1, '2018-03-20 15:31:59');
INSERT INTO `t_job_log` VALUES (2457, 3, 'testTask', 'test', 'hello world', '0', NULL, 1, '2018-03-20 15:31:59');
INSERT INTO `t_job_log` VALUES (2458, 3, 'testTask', 'test', 'hello world', '0', NULL, 1, '2018-03-20 15:32:00');
INSERT INTO `t_job_log` VALUES (2459, 3, 'testTask', 'test', 'hello world', '0', NULL, 0, '2018-03-20 15:32:01');
INSERT INTO `t_job_log` VALUES (2460, 3, 'testTask', 'test', 'hello world', '0', NULL, 5, '2018-03-20 15:32:02');
INSERT INTO `t_job_log` VALUES (2461, 3, 'testTask', 'test', 'hello world', '0', NULL, 1, '2018-03-20 15:32:03');
INSERT INTO `t_job_log` VALUES (2462, 3, 'testTask', 'test', 'hello world', '0', NULL, 1, '2018-03-20 15:32:04');
INSERT INTO `t_job_log` VALUES (2463, 3, 'testTask', 'test', 'hello world', '0', NULL, 1, '2018-03-20 15:32:05');
INSERT INTO `t_job_log` VALUES (2464, 3, 'testTask', 'test', 'hello world', '0', NULL, 1, '2018-03-20 15:32:06');
INSERT INTO `t_job_log` VALUES (2465, 11, 'testTask', 'test2', NULL, '1', 'java.lang.NoSuchMethodException: cc.mrbird.job.task.TestTask.test2()', 0, '2018-03-20 15:32:26');
INSERT INTO `t_job_log` VALUES (2466, 2, 'testTask', 'test1', NULL, '0', NULL, 1, '2018-04-02 15:26:40');
INSERT INTO `t_job_log` VALUES (2467, 2, 'testTask', 'test1', NULL, '0', NULL, 1, '2018-04-02 15:26:50');
INSERT INTO `t_job_log` VALUES (2468, 2, 'testTask', 'test1', NULL, '0', NULL, 1, '2018-04-02 15:27:20');
INSERT INTO `t_job_log` VALUES (2469, 2, 'testTask', 'test1', NULL, '0', NULL, 3, '2018-04-02 17:29:20');
INSERT INTO `t_job_log` VALUES (2470, 2, 'testTask', 'test1', NULL, '0', NULL, 1, '2018-04-02 17:29:30');
INSERT INTO `t_job_log` VALUES (2471, 2, 'testTask', 'test1', NULL, '0', NULL, 1, '2018-04-02 17:29:40');
INSERT INTO `t_job_log` VALUES (2472, 2, 'testTask', 'test1', NULL, '0', NULL, 14, '2018-04-02 17:29:50');
INSERT INTO `t_job_log` VALUES (2473, 2, 'testTask', 'test1', NULL, '0', NULL, 1, '2018-04-02 17:30:00');
INSERT INTO `t_job_log` VALUES (2474, 2, 'testTask', 'test1', NULL, '0', NULL, 0, '2018-04-02 17:30:10');
INSERT INTO `t_job_log` VALUES (2475, 2, 'testTask', 'test1', NULL, '0', NULL, 1, '2018-04-02 17:30:20');

-- ----------------------------
-- Table structure for t_log
-- ----------------------------
DROP TABLE IF EXISTS `t_log`;
CREATE TABLE `t_log`  (
  `ID` bigint(20) NOT NULL AUTO_INCREMENT COMMENT '日志ID',
  `USERNAME` varchar(50) CHARACTER SET utf8 COLLATE utf8_general_ci NULL DEFAULT NULL COMMENT '操作用户',
  `OPERATION` text CHARACTER SET utf8 COLLATE utf8_general_ci NULL COMMENT '操作内容',
  `TIME` decimal(11, 0) NULL DEFAULT NULL COMMENT '耗时',
  `METHOD` text CHARACTER SET utf8 COLLATE utf8_general_ci NULL COMMENT '操作方法',
  `PARAMS` text CHARACTER SET utf8 COLLATE utf8_general_ci NULL COMMENT '方法参数',
  `IP` varchar(64) CHARACTER SET utf8 COLLATE utf8_general_ci NULL DEFAULT NULL COMMENT '操作者IP',
  `CREATE_TIME` datetime(0) NULL DEFAULT NULL COMMENT '创建时间',
  `location` varchar(50) CHARACTER SET utf8 COLLATE utf8_general_ci NULL DEFAULT NULL COMMENT '操作地点',
  PRIMARY KEY (`ID`) USING BTREE
) ENGINE = InnoDB AUTO_INCREMENT = 1094 CHARACTER SET = utf8 COLLATE = utf8_general_ci ROW_FORMAT = Compact;

-- ----------------------------
-- Records of t_log
-- ----------------------------
INSERT INTO `t_log` VALUES (730, 'MrBird', '恢复任务', 55, 'cc.mrbird.job.controller.JobController.resumeJob()', 'jobIds: 3', '127.0.0.1', '2018-03-19 10:07:32', NULL);
INSERT INTO `t_log` VALUES (731, 'MrBird', '执行任务', 40, 'cc.mrbird.job.controller.JobController.runJob()', 'jobIds: 3', '127.0.0.1', '2018-03-19 10:07:36', NULL);
INSERT INTO `t_log` VALUES (733, 'MrBird', '暂停任务', 10, 'cc.mrbird.job.controller.JobController.pauseJob()', 'jobIds: 3', '127.0.0.1', '2018-03-19 10:07:53', NULL);
INSERT INTO `t_log` VALUES (734, 'MrBird', '恢复任务', 17, 'cc.mrbird.job.controller.JobController.resumeJob()', 'jobIds: 1', '127.0.0.1', '2018-03-19 10:08:02', NULL);
INSERT INTO `t_log` VALUES (735, 'MrBird', '执行任务', 13, 'cc.mrbird.job.controller.JobController.runJob()', 'jobIds: 1', '127.0.0.1', '2018-03-19 10:08:05', NULL);
INSERT INTO `t_log` VALUES (737, 'MrBird', '暂停任务', 11, 'cc.mrbird.job.controller.JobController.pauseJob()', 'jobIds: 1', '127.0.0.1', '2018-03-19 10:08:27', NULL);
INSERT INTO `t_log` VALUES (738, 'MrBird', '执行任务', 14, 'cc.mrbird.job.controller.JobController.runJob()', 'jobIds: 11', '127.0.0.1', '2018-03-19 10:08:34', NULL);
INSERT INTO `t_log` VALUES (840, 'MrBird', '删除用户', 255, 'cc.mrbird.system.controller.UserController.deleteUsers()', 'ids: 165,166', '127.0.0.1', '2018-03-20 18:34:26', NULL);
INSERT INTO `t_log` VALUES (841, 'MrBird', '修改用户', 348, 'cc.mrbird.system.controller.UserController.updateUser()', 'user: cc.mrbird.system.domain.User@5adf3b3b  roles: [Ljava.lang.Long;@75a9cd18', '127.0.0.1', '2018-03-21 09:05:12', NULL);
INSERT INTO `t_log` VALUES (842, 'MrBird', '删除调度日志', 79, 'cc.mrbird.job.controller.JobLogController.deleteJobLog()', 'ids: 2447', '127.0.0.1', '2018-03-22 18:52:10', 'XX内网IP');
INSERT INTO `t_log` VALUES (843, 'MrBird', '修改用户', 18805, 'cc.mrbird.system.controller.UserController.updateUser()', 'user: cc.mrbird.system.domain.User@1a6c90df  rolesSelect: [Ljava.lang.Long;@4d9b2e06', '127.0.0.1', '2018-03-27 09:20:05', 'XX内网IP');
INSERT INTO `t_log` VALUES (844, 'MrBird', '修改用户', 5222, 'cc.mrbird.system.controller.UserController.updateUser()', 'user: cc.mrbird.system.domain.User@655c7201  rolesSelect: [Ljava.lang.Long;@1840d3a4', '127.0.0.1', '2018-03-27 09:20:23', 'XX内网IP');
INSERT INTO `t_log` VALUES (845, 'MrBird', '修改用户', 6989, 'cc.mrbird.system.controller.UserController.updateUser()', 'user: cc.mrbird.system.domain.User@3691c744  rolesSelect: [Ljava.lang.Long;@1cb15d59', '127.0.0.1', '2018-03-27 09:21:09', 'XX内网IP');
INSERT INTO `t_log` VALUES (846, 'MrBird', '新增任务', 361, 'cc.mrbird.job.controller.JobController.addJob()', 'job: cc.mrbird.job.domain.Job@41ea2910', '127.0.0.1', '2018-03-27 15:24:30', 'XX内网IP');
INSERT INTO `t_log` VALUES (847, 'MrBird', '修改任务', 429, 'cc.mrbird.job.controller.JobController.updateJob()', 'job: cc.mrbird.job.domain.Job@7cb0d614', '127.0.0.1', '2018-03-27 15:25:31', 'XX内网IP');
INSERT INTO `t_log` VALUES (848, 'MrBird', '修改任务', 273, 'cc.mrbird.job.controller.JobController.updateJob()', 'job: cc.mrbird.job.domain.Job@4937e65d', '127.0.0.1', '2018-03-27 17:43:09', 'XX内网IP');
INSERT INTO `t_log` VALUES (849, 'MrBird', '修改任务', 712, 'cc.mrbird.job.controller.JobController.updateJob()', 'job: cc.mrbird.job.domain.Job@aa7781d', '127.0.0.1', '2018-03-27 17:43:31', 'XX内网IP');
INSERT INTO `t_log` VALUES (850, 'MrBird', '新增任务', 294, 'cc.mrbird.job.controller.JobController.addJob()', 'job: cc.mrbird.job.domain.Job@5543ec34', '127.0.0.1', '2018-03-28 14:36:44', 'XX内网IP');
INSERT INTO `t_log` VALUES (851, 'MrBird', '修改任务', 353, 'cc.mrbird.job.controller.JobController.updateJob()', 'job: cc.mrbird.job.domain.Job@3fccec56', '127.0.0.1', '2018-03-28 14:37:06', 'XX内网IP');
INSERT INTO `t_log` VALUES (852, 'MrBird', '修改任务', 262, 'cc.mrbird.job.controller.JobController.updateJob()', 'job: cc.mrbird.job.domain.Job@2ed43da1', '127.0.0.1', '2018-03-28 14:41:50', 'XX内网IP');
INSERT INTO `t_log` VALUES (853, 'MrBird', '删除任务', 589, 'cc.mrbird.job.controller.JobController.deleteJob()', 'ids: 18,19', '127.0.0.1', '2018-03-29 10:26:30', 'XX内网IP');
INSERT INTO `t_log` VALUES (854, 'MrBird', '新增任务', 548, 'cc.mrbird.job.controller.JobController.addJob()', 'job: cc.mrbird.job.domain.Job@b404b16', '127.0.0.1', '2018-03-29 10:27:11', 'XX内网IP');
INSERT INTO `t_log` VALUES (855, 'MrBird', '修改任务', 442, 'cc.mrbird.job.controller.JobController.updateJob()', 'job: cc.mrbird.job.domain.Job@49f25426', '127.0.0.1', '2018-03-29 10:29:18', 'XX内网IP');
INSERT INTO `t_log` VALUES (856, 'MrBird', '删除任务', 520, 'cc.mrbird.job.controller.JobController.deleteJob()', 'ids: 20', '127.0.0.1', '2018-03-29 10:41:20', 'XX内网IP');
INSERT INTO `t_log` VALUES (857, 'MrBird', '修改用户', 449, 'cc.mrbird.system.controller.UserController.updateUser()', 'user: cc.mrbird.system.domain.User@68355f70  rolesSelect: [Ljava.lang.Long;@80ce783', '127.0.0.1', '2018-03-29 16:18:26', 'XX内网IP');
INSERT INTO `t_log` VALUES (858, 'MrBird', '修改用户', 686, 'cc.mrbird.system.controller.UserController.updateUser()', 'user: cc.mrbird.system.domain.User@784012be  rolesSelect: [Ljava.lang.Long;@368eb59f', '127.0.0.1', '2018-03-29 16:18:37', 'XX内网IP');
INSERT INTO `t_log` VALUES (859, 'MrBird', '删除用户', 200, 'cc.mrbird.system.controller.UserController.deleteUsers()', 'ids: 41,68,92,125,161,162', '127.0.0.1', '2018-04-02 17:29:50', 'XX内网IP');
INSERT INTO `t_log` VALUES (860, 'MrBird', '访问系统', 1, 'cc.mrbird.system.controller.LoginController.index()', 'model: {user=cc.mrbird.system.domain.User@2e57cbe1}', '127.0.0.1', '2019-05-30 10:34:02', 'XX内网IP');
INSERT INTO `t_log` VALUES (861, 'MrBird', '获取用户信息', 12, 'cc.mrbird.system.controller.UserController.userList()', 'request: cc.mrbird.common.domain.QueryRequest@44ec766f  user: cc.mrbird.system.domain.User@5b9e28cf', '127.0.0.1', '2019-05-30 10:34:05', 'XX内网IP');
INSERT INTO `t_log` VALUES (862, 'MrBird', '获取菜单信息', 0, 'cc.mrbird.system.controller.MenuController.index()', '', '127.0.0.1', '2019-05-30 10:34:12', 'XX内网IP');
INSERT INTO `t_log` VALUES (863, 'MrBird', '获取在线用户信息', 1, 'cc.mrbird.system.controller.SessionController.online()', '', '127.0.0.1', '2019-05-30 10:34:23', 'XX内网IP');
INSERT INTO `t_log` VALUES (864, 'MrBird', '获取天气信息', 1, 'cc.mrbird.web.controller.WeatherController.weather()', '', '127.0.0.1', '2019-05-30 10:34:36', 'XX内网IP');
INSERT INTO `t_log` VALUES (865, 'MrBird', '获取每日一文信息', 1, 'cc.mrbird.web.controller.ArticleController.index()', '', '127.0.0.1', '2019-05-30 10:34:38', 'XX内网IP');
INSERT INTO `t_log` VALUES (866, 'MrBird', '获取定时任务信息', 3, 'cc.mrbird.job.controller.JobController.index()', '', '127.0.0.1', '2019-05-30 10:34:44', 'XX内网IP');
INSERT INTO `t_log` VALUES (867, 'MrBird', '获取角色信息', 0, 'cc.mrbird.system.controller.RoleController.index()', '', '127.0.0.1', '2019-05-30 10:34:51', 'XX内网IP');
INSERT INTO `t_log` VALUES (868, 'MrBird', '获取用户信息', 6, 'cc.mrbird.system.controller.UserController.userList()', 'request: cc.mrbird.common.domain.QueryRequest@42c619f5  user: cc.mrbird.system.domain.User@415aa629', '127.0.0.1', '2019-05-30 10:34:58', 'XX内网IP');
INSERT INTO `t_log` VALUES (869, 'MrBird', '获取角色信息', 0, 'cc.mrbird.system.controller.RoleController.index()', '', '127.0.0.1', '2019-05-30 10:35:16', 'XX内网IP');
INSERT INTO `t_log` VALUES (870, 'MrBird', '获取菜单信息', 0, 'cc.mrbird.system.controller.MenuController.index()', '', '127.0.0.1', '2019-05-30 10:35:22', 'XX内网IP');
INSERT INTO `t_log` VALUES (871, 'MrBird', '获取部门信息', 0, 'cc.mrbird.system.controller.DeptController.index()', '', '127.0.0.1', '2019-05-30 10:35:24', 'XX内网IP');
INSERT INTO `t_log` VALUES (872, 'MrBird', '获取用户信息', 4, 'cc.mrbird.system.controller.UserController.userList()', 'request: cc.mrbird.common.domain.QueryRequest@148ff915  user: cc.mrbird.system.domain.User@16632b7d', '127.0.0.1', '2019-05-30 10:35:28', 'XX内网IP');
INSERT INTO `t_log` VALUES (873, 'MrBird', '获取角色信息', 0, 'cc.mrbird.system.controller.RoleController.index()', '', '127.0.0.1', '2019-05-30 10:36:08', 'XX内网IP');
INSERT INTO `t_log` VALUES (874, 'MrBird', '获取用户信息', 4, 'cc.mrbird.system.controller.UserController.userList()', 'request: cc.mrbird.common.domain.QueryRequest@580d23a5  user: cc.mrbird.system.domain.User@f4a9dd', '127.0.0.1', '2019-05-30 10:36:34', 'XX内网IP');
INSERT INTO `t_log` VALUES (875, 'MrBird', '获取用户信息', 4, 'cc.mrbird.system.controller.UserController.userList()', 'request: cc.mrbird.common.domain.QueryRequest@75dde2a1  user: cc.mrbird.system.domain.User@1acbf1df', '127.0.0.1', '2019-05-30 10:37:59', 'XX内网IP');
INSERT INTO `t_log` VALUES (876, 'MrBird', '新增用户', 84, 'cc.mrbird.system.controller.UserController.addUser()', 'user: cc.mrbird.system.domain.User@1918a717  roles: [Ljava.lang.Long;@5444654a', '127.0.0.1', '2019-05-30 10:38:33', NULL);
INSERT INTO `t_log` VALUES (877, 'MrBird', '获取用户信息', 3, 'cc.mrbird.system.controller.UserController.userList()', 'request: cc.mrbird.common.domain.QueryRequest@30f33f29  user: cc.mrbird.system.domain.User@1aa7641d', '127.0.0.1', '2019-05-30 10:38:33', 'XX内网IP');
INSERT INTO `t_log` VALUES (878, 'MrBird', '获取角色信息', 0, 'cc.mrbird.system.controller.RoleController.index()', '', '127.0.0.1', '2019-05-30 10:38:41', 'XX内网IP');
INSERT INTO `t_log` VALUES (879, 'MrBird', '更换主题', 61, 'cc.mrbird.system.controller.UserController.updateTheme()', 'user: cc.mrbird.system.domain.User@36f5c15f', '127.0.0.1', '2019-05-30 10:39:00', 'XX内网IP');
INSERT INTO `t_log` VALUES (880, 'MrBird', '获取用户信息', 3, 'cc.mrbird.system.controller.UserController.userList()', 'request: cc.mrbird.common.domain.QueryRequest@69f61381  user: cc.mrbird.system.domain.User@56948f8d', '127.0.0.1', '2019-05-30 10:47:22', 'XX内网IP');
INSERT INTO `t_log` VALUES (881, 'MrBird', '访问系统', 0, 'cc.mrbird.system.controller.LoginController.index()', 'model: {user=cc.mrbird.system.domain.User@2e57cbe1}', '127.0.0.1', '2019-05-30 10:47:26', 'XX内网IP');
INSERT INTO `t_log` VALUES (882, 'MrBird', '获取用户信息', 4, 'cc.mrbird.system.controller.UserController.userList()', 'request: cc.mrbird.common.domain.QueryRequest@6662aa0b  user: cc.mrbird.system.domain.User@12a2ef34', '127.0.0.1', '2019-05-30 10:47:30', 'XX内网IP');
INSERT INTO `t_log` VALUES (883, 'MrBird', '获取角色信息', 0, 'cc.mrbird.system.controller.RoleController.index()', '', '127.0.0.1', '2019-05-30 10:47:31', 'XX内网IP');
INSERT INTO `t_log` VALUES (884, 'MrBird', '获取菜单信息', 0, 'cc.mrbird.system.controller.MenuController.index()', '', '127.0.0.1', '2019-05-30 10:47:32', 'XX内网IP');
INSERT INTO `t_log` VALUES (885, 'MrBird', '获取部门信息', 0, 'cc.mrbird.system.controller.DeptController.index()', '', '127.0.0.1', '2019-05-30 10:47:32', 'XX内网IP');
INSERT INTO `t_log` VALUES (886, 'MrBird', '获取字典信息', 1, 'cc.mrbird.system.controller.DictController.index()', '', '127.0.0.1', '2019-05-30 10:47:33', NULL);
INSERT INTO `t_log` VALUES (887, 'admin', '访问系统', 0, 'cc.mrbird.system.controller.LoginController.index()', 'model: {user=cc.mrbird.system.domain.User@76d08269}', '127.0.0.1', '2019-05-30 10:48:07', 'XX内网IP');
INSERT INTO `t_log` VALUES (888, 'admin', '获取用户信息', 3, 'cc.mrbird.system.controller.UserController.userList()', 'request: cc.mrbird.common.domain.QueryRequest@5cc5ebdd  user: cc.mrbird.system.domain.User@64785d6b', '127.0.0.1', '2019-05-30 10:51:38', 'XX内网IP');
INSERT INTO `t_log` VALUES (889, 'admin', '访问系统', 0, 'cc.mrbird.system.controller.LoginController.index()', 'model: {user=cc.mrbird.system.domain.User@68446ea2}', '127.0.0.1', '2019-06-03 15:34:19', 'XX内网IP');
INSERT INTO `t_log` VALUES (890, 'admin', '获取用户信息', 13, 'cc.mrbird.system.controller.UserController.userList()', 'request: cc.mrbird.common.domain.QueryRequest@ceaca  user: cc.mrbird.system.domain.User@4e699b5c', '127.0.0.1', '2019-06-03 15:34:32', 'XX内网IP');
INSERT INTO `t_log` VALUES (891, 'admin', '获取角色信息', 0, 'cc.mrbird.system.controller.RoleController.index()', '', '127.0.0.1', '2019-06-03 15:34:57', 'XX内网IP');
INSERT INTO `t_log` VALUES (892, 'admin', '获取菜单信息', 0, 'cc.mrbird.system.controller.MenuController.index()', '', '127.0.0.1', '2019-06-03 15:35:24', 'XX内网IP');
INSERT INTO `t_log` VALUES (893, 'admin', '新增菜单/按钮', 74, 'cc.mrbird.system.controller.MenuController.addMenu()', 'menu: cc.mrbird.system.domain.Menu@578afcf7', '127.0.0.1', '2019-06-03 15:36:01', 'XX内网IP');
INSERT INTO `t_log` VALUES (894, 'admin', '访问系统', 0, 'cc.mrbird.system.controller.LoginController.index()', 'model: {user=cc.mrbird.system.domain.User@68446ea2}', '127.0.0.1', '2019-06-03 15:36:05', 'XX内网IP');
INSERT INTO `t_log` VALUES (895, 'admin', '获取用户信息', 187, 'cc.mrbird.system.controller.UserController.userList()', 'request: cc.mrbird.common.domain.QueryRequest@1a45772  user: cc.mrbird.system.domain.User@12c8a88d', '127.0.0.1', '2019-06-03 15:36:09', 'XX内网IP');
INSERT INTO `t_log` VALUES (896, 'admin', '获取角色信息', 0, 'cc.mrbird.system.controller.RoleController.index()', '', '127.0.0.1', '2019-06-03 15:36:11', 'XX内网IP');
INSERT INTO `t_log` VALUES (897, 'admin', '修改角色', 2321, 'cc.mrbird.system.controller.RoleController.updateRole()', 'role: cc.mrbird.system.domain.Role@70a7eed  menuId: [Ljava.lang.Long;@3c8c1dec', '127.0.0.1', '2019-06-03 15:36:18', 'XX内网IP');
INSERT INTO `t_log` VALUES (898, 'admin', '修改角色', 2399, 'cc.mrbird.system.controller.RoleController.updateRole()', 'role: cc.mrbird.system.domain.Role@555ef12c  menuId: [Ljava.lang.Long;@5f8b9b6b', '127.0.0.1', '2019-06-03 15:36:20', 'XX内网IP');
INSERT INTO `t_log` VALUES (899, 'admin', '访问系统', 0, 'cc.mrbird.system.controller.LoginController.index()', 'model: {user=cc.mrbird.system.domain.User@68446ea2}', '127.0.0.1', '2019-06-03 15:36:20', 'XX内网IP');
INSERT INTO `t_log` VALUES (900, 'admin', '访问系统', 0, 'cc.mrbird.system.controller.LoginController.index()', 'model: {user=cc.mrbird.system.domain.User@68446ea2}', '127.0.0.1', '2019-06-03 15:36:22', 'XX内网IP');
INSERT INTO `t_log` VALUES (901, 'admin', '访问系统', 0, 'cc.mrbird.system.controller.LoginController.index()', 'model: {user=cc.mrbird.system.domain.User@1e7ca097}', '127.0.0.1', '2019-06-03 15:36:33', 'XX内网IP');
INSERT INTO `t_log` VALUES (902, 'admin', '获取角色信息', 0, 'cc.mrbird.system.controller.RoleController.index()', '', '127.0.0.1', '2019-06-03 15:36:40', 'XX内网IP');
INSERT INTO `t_log` VALUES (903, 'admin', '获取菜单信息', 0, 'cc.mrbird.system.controller.MenuController.index()', '', '127.0.0.1', '2019-06-03 15:36:41', 'XX内网IP');
INSERT INTO `t_log` VALUES (904, 'admin', '获取定时任务信息', 2, 'cc.mrbird.job.controller.JobController.index()', '', '127.0.0.1', '2019-06-03 15:37:35', 'XX内网IP');
INSERT INTO `t_log` VALUES (905, 'admin', '获取天气信息', 1, 'cc.mrbird.web.controller.WeatherController.weather()', '', '127.0.0.1', '2019-06-03 15:37:44', 'XX内网IP');
INSERT INTO `t_log` VALUES (906, 'admin', '获取每日一文信息', 2, 'cc.mrbird.web.controller.ArticleController.index()', '', '127.0.0.1', '2019-06-03 15:37:46', 'XX内网IP');
INSERT INTO `t_log` VALUES (907, 'admin', '获取在线用户信息', 0, 'cc.mrbird.system.controller.SessionController.online()', '', '127.0.0.1', '2019-06-03 15:37:49', 'XX内网IP');
INSERT INTO `t_log` VALUES (908, 'admin', '获取用户信息', 5, 'cc.mrbird.system.controller.UserController.userList()', 'request: cc.mrbird.common.domain.QueryRequest@473fcbb9  user: cc.mrbird.system.domain.User@56f22cc9', '127.0.0.1', '2019-06-03 15:37:51', 'XX内网IP');
INSERT INTO `t_log` VALUES (909, 'admin', '获取每日一文信息', 0, 'cc.mrbird.web.controller.ArticleController.index()', '', '127.0.0.1', '2019-06-03 15:43:08', 'XX内网IP');
INSERT INTO `t_log` VALUES (910, 'admin', '获取天气信息', 0, 'cc.mrbird.web.controller.WeatherController.weather()', '', '127.0.0.1', '2019-06-03 15:43:10', 'XX内网IP');
INSERT INTO `t_log` VALUES (911, 'admin', '获取用户信息', 4, 'cc.mrbird.system.controller.UserController.userList()', 'request: cc.mrbird.common.domain.QueryRequest@6a702b6f  user: cc.mrbird.system.domain.User@25572479', '127.0.0.1', '2019-06-03 15:43:13', 'XX内网IP');
INSERT INTO `t_log` VALUES (912, 'admin', '访问系统', 0, 'cc.mrbird.system.controller.LoginController.index()', 'model: {user=cc.mrbird.system.domain.User@1e7ca097}', '127.0.0.1', '2019-06-03 15:45:25', 'XX内网IP');
INSERT INTO `t_log` VALUES (913, 'admin', '获取用户信息', 4, 'cc.mrbird.system.controller.UserController.userList()', 'request: cc.mrbird.common.domain.QueryRequest@400c8b7d  user: cc.mrbird.system.domain.User@34ff0386', '127.0.0.1', '2019-06-03 15:45:28', 'XX内网IP');
INSERT INTO `t_log` VALUES (914, 'admin', '获取角色信息', 0, 'cc.mrbird.system.controller.RoleController.index()', '', '127.0.0.1', '2019-06-03 15:45:29', 'XX内网IP');
INSERT INTO `t_log` VALUES (915, 'admin', '获取菜单信息', 0, 'cc.mrbird.system.controller.MenuController.index()', '', '127.0.0.1', '2019-06-03 15:45:29', 'XX内网IP');
INSERT INTO `t_log` VALUES (916, 'admin', '获取部门信息', 0, 'cc.mrbird.system.controller.DeptController.index()', '', '127.0.0.1', '2019-06-03 15:45:30', 'XX内网IP');
INSERT INTO `t_log` VALUES (917, 'admin', '获取字典信息', 2, 'cc.mrbird.system.controller.DictController.index()', '', '127.0.0.1', '2019-06-03 15:45:31', 'XX内网IP');
INSERT INTO `t_log` VALUES (918, 'admin', '获取用户信息', 4, 'cc.mrbird.system.controller.UserController.userList()', 'request: cc.mrbird.common.domain.QueryRequest@2b8f1f57  user: cc.mrbird.system.domain.User@78b41bba', '127.0.0.1', '2019-06-03 15:45:33', NULL);
INSERT INTO `t_log` VALUES (919, 'admin', '访问系统', 0, 'cc.mrbird.system.controller.LoginController.index()', 'model: {user=cc.mrbird.system.domain.User@740fa7c}', '127.0.0.1', '2019-06-03 15:46:02', 'XX内网IP');
INSERT INTO `t_log` VALUES (920, 'admin', '获取用户信息', 13, 'cc.mrbird.system.controller.UserController.userList()', 'request: cc.mrbird.common.domain.QueryRequest@47340dbf  user: cc.mrbird.system.domain.User@2d0b5df3', '127.0.0.1', '2019-06-03 15:46:06', 'XX内网IP');
INSERT INTO `t_log` VALUES (921, 'admin', '获取角色信息', 0, 'cc.mrbird.system.controller.RoleController.index()', '', '127.0.0.1', '2019-06-03 15:46:10', 'XX内网IP');
INSERT INTO `t_log` VALUES (922, 'admin', '获取角色信息', 0, 'cc.mrbird.system.controller.RoleController.index()', '', '127.0.0.1', '2019-06-03 15:46:11', 'XX内网IP');
INSERT INTO `t_log` VALUES (923, 'admin', '获取用户信息', 8, 'cc.mrbird.system.controller.UserController.userList()', 'request: cc.mrbird.common.domain.QueryRequest@41c31365  user: cc.mrbird.system.domain.User@55a5b48f', '127.0.0.1', '2019-06-03 15:46:16', 'XX内网IP');
INSERT INTO `t_log` VALUES (924, 'admin', '获取用户信息', 4, 'cc.mrbird.system.controller.UserController.userList()', 'request: cc.mrbird.common.domain.QueryRequest@57574733  user: cc.mrbird.system.domain.User@13174daf', '127.0.0.1', '2019-06-03 15:46:43', 'XX内网IP');
INSERT INTO `t_log` VALUES (925, 'admin', '获取用户信息', 7, 'cc.mrbird.system.controller.UserController.userList()', 'request: cc.mrbird.common.domain.QueryRequest@3bfd15a6  user: cc.mrbird.system.domain.User@cbc3d93', '127.0.0.1', '2019-06-03 15:46:44', 'XX内网IP');
INSERT INTO `t_log` VALUES (926, 'admin', '获取用户信息', 4, 'cc.mrbird.system.controller.UserController.userList()', 'request: cc.mrbird.common.domain.QueryRequest@7877915f  user: cc.mrbird.system.domain.User@6966807', '127.0.0.1', '2019-06-03 15:47:10', 'XX内网IP');
INSERT INTO `t_log` VALUES (927, 'admin', '获取用户信息', 5, 'cc.mrbird.system.controller.UserController.userList()', 'request: cc.mrbird.common.domain.QueryRequest@2151b99  user: cc.mrbird.system.domain.User@268b95ae', '127.0.0.1', '2019-06-03 15:47:10', 'XX内网IP');
INSERT INTO `t_log` VALUES (928, 'admin', '获取用户信息', 5, 'cc.mrbird.system.controller.UserController.userList()', 'request: cc.mrbird.common.domain.QueryRequest@7a272d06  user: cc.mrbird.system.domain.User@7090f3e0', '127.0.0.1', '2019-06-03 15:47:11', 'XX内网IP');
INSERT INTO `t_log` VALUES (929, 'admin', '访问系统', 0, 'cc.mrbird.system.controller.LoginController.index()', 'model: {user=cc.mrbird.system.domain.User@740fa7c}', '127.0.0.1', '2019-06-03 15:48:58', 'XX内网IP');
INSERT INTO `t_log` VALUES (930, 'admin', '访问系统', 0, 'cc.mrbird.system.controller.LoginController.index()', 'model: {user=cc.mrbird.system.domain.User@740fa7c}', '127.0.0.1', '2019-06-03 15:48:57', NULL);
INSERT INTO `t_log` VALUES (931, 'admin', '获取用户信息', 3, 'cc.mrbird.system.controller.UserController.userList()', 'request: cc.mrbird.common.domain.QueryRequest@9dd03f1  user: cc.mrbird.system.domain.User@5b2dd8f', '127.0.0.1', '2019-06-03 15:49:01', 'XX内网IP');
INSERT INTO `t_log` VALUES (932, 'admin', '获取角色信息', 0, 'cc.mrbird.system.controller.RoleController.index()', '', '127.0.0.1', '2019-06-03 15:49:05', 'XX内网IP');
INSERT INTO `t_log` VALUES (933, 'admin', '获取菜单信息', 0, 'cc.mrbird.system.controller.MenuController.index()', '', '127.0.0.1', '2019-06-03 15:49:06', 'XX内网IP');
INSERT INTO `t_log` VALUES (934, 'admin', '获取部门信息', 0, 'cc.mrbird.system.controller.DeptController.index()', '', '127.0.0.1', '2019-06-03 15:49:07', 'XX内网IP');
INSERT INTO `t_log` VALUES (935, 'admin', '获取字典信息', 2, 'cc.mrbird.system.controller.DictController.index()', '', '127.0.0.1', '2019-06-03 15:49:08', NULL);
INSERT INTO `t_log` VALUES (936, 'admin', '获取用户信息', 4, 'cc.mrbird.system.controller.UserController.userList()', 'request: cc.mrbird.common.domain.QueryRequest@4f471ad7  user: cc.mrbird.system.domain.User@52c99247', '127.0.0.1', '2019-06-03 15:49:09', 'XX内网IP');
INSERT INTO `t_log` VALUES (937, 'admin', '访问系统', 0, 'cc.mrbird.system.controller.LoginController.index()', 'model: {user=cc.mrbird.system.domain.User@6270be84}', '127.0.0.1', '2019-06-03 15:51:08', 'XX内网IP');
INSERT INTO `t_log` VALUES (938, 'admin', '获取用户信息', 18, 'cc.mrbird.system.controller.UserController.userList()', 'request: cc.mrbird.common.domain.QueryRequest@7e735de0  user: cc.mrbird.system.domain.User@13f38568', '127.0.0.1', '2019-06-03 15:51:10', 'XX内网IP');
INSERT INTO `t_log` VALUES (939, 'admin', '获取用户信息', 13, 'cc.mrbird.system.controller.UserController.userList()', 'request: cc.mrbird.common.domain.QueryRequest@32ba76e8  user: cc.mrbird.system.domain.User@46a882e9', '127.0.0.1', '2019-06-03 15:51:24', 'XX内网IP');
INSERT INTO `t_log` VALUES (940, 'admin', '获取角色信息', 0, 'cc.mrbird.system.controller.RoleController.index()', '', '127.0.0.1', '2019-06-03 15:51:25', 'XX内网IP');
INSERT INTO `t_log` VALUES (941, 'admin', '获取用户信息', 6, 'cc.mrbird.system.controller.UserController.userList()', 'request: cc.mrbird.common.domain.QueryRequest@2912d6aa  user: cc.mrbird.system.domain.User@7a211892', '127.0.0.1', '2019-06-03 15:51:25', 'XX内网IP');
INSERT INTO `t_log` VALUES (942, 'admin', '获取用户信息', 6, 'cc.mrbird.system.controller.UserController.userList()', 'request: cc.mrbird.common.domain.QueryRequest@6357b899  user: cc.mrbird.system.domain.User@4fd78215', '127.0.0.1', '2019-06-03 15:51:26', 'XX内网IP');
INSERT INTO `t_log` VALUES (943, 'admin', '获取用户信息', 5, 'cc.mrbird.system.controller.UserController.userList()', 'request: cc.mrbird.common.domain.QueryRequest@e9523ec  user: cc.mrbird.system.domain.User@7429d1ad', '127.0.0.1', '2019-06-03 15:51:27', NULL);
INSERT INTO `t_log` VALUES (944, 'admin', '访问系统', 0, 'cc.mrbird.system.controller.LoginController.index()', 'model: {user=cc.mrbird.system.domain.User@6270be84}', '127.0.0.1', '2019-06-03 15:51:28', 'XX内网IP');
INSERT INTO `t_log` VALUES (945, 'admin', '获取用户信息', 4, 'cc.mrbird.system.controller.UserController.userList()', 'request: cc.mrbird.common.domain.QueryRequest@7ec759cd  user: cc.mrbird.system.domain.User@5e0ab468', '127.0.0.1', '2019-06-03 15:51:30', 'XX内网IP');
INSERT INTO `t_log` VALUES (946, 'admin', '访问系统', 1, 'cc.mrbird.system.controller.LoginController.index()', 'model: {user=cc.mrbird.system.domain.User@ddcfc6f}', '127.0.0.1', '2019-06-03 15:53:07', 'XX内网IP');
INSERT INTO `t_log` VALUES (947, 'admin', '获取用户信息', 15, 'cc.mrbird.system.controller.UserController.userList()', 'request: cc.mrbird.common.domain.QueryRequest@6efcef1  user: cc.mrbird.system.domain.User@1dd8f0c9', '127.0.0.1', '2019-06-03 15:53:10', 'XX内网IP');
INSERT INTO `t_log` VALUES (948, 'admin', '获取用户信息', 8, 'cc.mrbird.system.controller.UserController.userList()', 'request: cc.mrbird.common.domain.QueryRequest@60236ce4  user: cc.mrbird.system.domain.User@7b24f307', '127.0.0.1', '2019-06-03 15:53:17', 'XX内网IP');
INSERT INTO `t_log` VALUES (949, 'admin', '获取用户信息', 5, 'cc.mrbird.system.controller.UserController.userList()', 'request: cc.mrbird.common.domain.QueryRequest@70da08e2  user: cc.mrbird.system.domain.User@7ec606be', '127.0.0.1', '2019-06-03 15:53:18', 'XX内网IP');
INSERT INTO `t_log` VALUES (950, 'admin', '获取用户信息', 7, 'cc.mrbird.system.controller.UserController.userList()', 'request: cc.mrbird.common.domain.QueryRequest@6bed03d0  user: cc.mrbird.system.domain.User@3a66b7c3', '127.0.0.1', '2019-06-03 15:53:23', 'XX内网IP');
INSERT INTO `t_log` VALUES (951, 'admin', '获取用户信息', 4, 'cc.mrbird.system.controller.UserController.userList()', 'request: cc.mrbird.common.domain.QueryRequest@59709a15  user: cc.mrbird.system.domain.User@17eba2d6', '127.0.0.1', '2019-06-03 15:53:26', 'XX内网IP');
INSERT INTO `t_log` VALUES (952, 'admin', '访问系统', 0, 'cc.mrbird.system.controller.LoginController.index()', 'model: {user=cc.mrbird.system.domain.User@ddcfc6f}', '127.0.0.1', '2019-06-03 15:53:37', 'XX内网IP');
INSERT INTO `t_log` VALUES (953, 'admin', '获取用户信息', 5, 'cc.mrbird.system.controller.UserController.userList()', 'request: cc.mrbird.common.domain.QueryRequest@18847bd2  user: cc.mrbird.system.domain.User@5b6f2b07', '127.0.0.1', '2019-06-03 15:53:39', 'XX内网IP');
INSERT INTO `t_log` VALUES (954, 'admin', '访问系统', 0, 'cc.mrbird.system.controller.LoginController.index()', 'model: {user=cc.mrbird.system.domain.User@3c7e014f}', '127.0.0.1', '2019-06-03 16:24:20', 'XX内网IP');
INSERT INTO `t_log` VALUES (955, 'admin', '获取角色信息', 2, 'cc.mrbird.system.controller.RoleController.index()', '', '127.0.0.1', '2019-06-03 16:24:24', 'XX内网IP');
INSERT INTO `t_log` VALUES (956, 'admin', '获取菜单信息', 0, 'cc.mrbird.system.controller.MenuController.index()', '', '127.0.0.1', '2019-06-03 16:24:25', 'XX内网IP');
INSERT INTO `t_log` VALUES (957, 'admin', '更换主题', 97, 'cc.mrbird.system.controller.UserController.updateTheme()', 'user: cc.mrbird.system.domain.User@6498b8c6', '127.0.0.1', '2019-06-03 16:24:36', 'XX内网IP');
INSERT INTO `t_log` VALUES (958, 'admin', '修改菜单/按钮', 86, 'cc.mrbird.system.controller.MenuController.updateMenu()', 'menu: cc.mrbird.system.domain.Menu@1a648ebc', '127.0.0.1', '2019-06-03 16:24:54', 'XX内网IP');
INSERT INTO `t_log` VALUES (959, 'admin', '访问系统', 0, 'cc.mrbird.system.controller.LoginController.index()', 'model: {user=cc.mrbird.system.domain.User@2f667e14}', '127.0.0.1', '2019-06-03 16:25:18', 'XX内网IP');
INSERT INTO `t_log` VALUES (960, 'admin', '获取调度日志信息', 1, 'cc.mrbird.job.controller.JobLogController.index()', '', '127.0.0.1', '2019-06-03 16:25:35', 'XX内网IP');
INSERT INTO `t_log` VALUES (961, 'admin', '获取定时任务信息', 2, 'cc.mrbird.job.controller.JobController.index()', '', '127.0.0.1', '2019-06-03 16:25:38', 'XX内网IP');
INSERT INTO `t_log` VALUES (962, 'admin', '获取调度日志信息', 0, 'cc.mrbird.job.controller.JobLogController.index()', '', '127.0.0.1', '2019-06-03 16:25:39', 'XX内网IP');
INSERT INTO `t_log` VALUES (963, 'admin', '获取定时任务信息', 0, 'cc.mrbird.job.controller.JobController.index()', '', '127.0.0.1', '2019-06-03 16:25:40', 'XX内网IP');
INSERT INTO `t_log` VALUES (964, 'admin', '获取天气信息', 2, 'cc.mrbird.web.controller.WeatherController.weather()', '', '127.0.0.1', '2019-06-03 16:25:41', 'XX内网IP');
INSERT INTO `t_log` VALUES (965, 'admin', '获取天气信息', 0, 'cc.mrbird.web.controller.WeatherController.weather()', '', '127.0.0.1', '2019-06-03 16:25:46', 'XX内网IP');
INSERT INTO `t_log` VALUES (966, 'admin', '获取每日一文信息', 1, 'cc.mrbird.web.controller.ArticleController.index()', '', '127.0.0.1', '2019-06-03 16:25:47', 'XX内网IP');
INSERT INTO `t_log` VALUES (967, 'admin', '获取每日一文信息', 0, 'cc.mrbird.web.controller.ArticleController.index()', '', '127.0.0.1', '2019-06-03 16:25:52', 'XX内网IP');
INSERT INTO `t_log` VALUES (968, 'admin', '获取天气信息', 0, 'cc.mrbird.web.controller.WeatherController.weather()', '', '127.0.0.1', '2019-06-03 16:25:53', 'XX内网IP');
INSERT INTO `t_log` VALUES (969, 'admin', '获取即将上映电影信息', 2, 'cc.mrbird.web.controller.MovieController.movieComing()', '', '127.0.0.1', '2019-06-03 16:25:55', 'XX内网IP');
INSERT INTO `t_log` VALUES (970, 'admin', '获取热门电影信息', 0, 'cc.mrbird.web.controller.MovieController.movieHot()', '', '127.0.0.1', '2019-06-03 16:25:55', 'XX内网IP');
INSERT INTO `t_log` VALUES (971, 'admin', '获取即将上映电影信息', 0, 'cc.mrbird.web.controller.MovieController.movieComing()', '', '127.0.0.1', '2019-06-03 16:26:01', 'XX内网IP');
INSERT INTO `t_log` VALUES (972, 'admin', '获取天气信息', 0, 'cc.mrbird.web.controller.WeatherController.weather()', '', '127.0.0.1', '2019-06-03 16:26:07', 'XX内网IP');
INSERT INTO `t_log` VALUES (973, 'admin', '获取One--绘画信息', 3, 'cc.mrbird.web.controller.OneIsAllController.paintIndex()', '', '127.0.0.1', '2019-06-03 16:26:34', 'XX内网IP');
INSERT INTO `t_log` VALUES (974, 'admin', '访问系统', 0, 'cc.mrbird.system.controller.LoginController.index()', 'model: {user=cc.mrbird.system.domain.User@2f667e14}', '127.0.0.1', '2019-06-03 16:26:43', 'XX内网IP');
INSERT INTO `t_log` VALUES (975, 'admin', '获取定时任务信息', 0, 'cc.mrbird.job.controller.JobController.index()', '', '127.0.0.1', '2019-06-03 16:26:47', 'XX内网IP');
INSERT INTO `t_log` VALUES (976, 'admin', '获取调度日志信息', 0, 'cc.mrbird.job.controller.JobLogController.index()', '', '127.0.0.1', '2019-06-03 16:26:49', 'XX内网IP');
INSERT INTO `t_log` VALUES (977, 'admin', '访问系统', 0, 'cc.mrbird.system.controller.LoginController.index()', 'model: {user=cc.mrbird.system.domain.User@2f667e14}', '127.0.0.1', '2019-06-03 16:27:31', 'XX内网IP');
INSERT INTO `t_log` VALUES (978, 'admin', '获取调度日志信息', 0, 'cc.mrbird.job.controller.JobLogController.index()', '', '127.0.0.1', '2019-06-03 16:27:35', 'XX内网IP');
INSERT INTO `t_log` VALUES (979, 'admin', '访问系统', 2, 'cc.mrbird.system.controller.LoginController.index()', 'model: {user=cc.mrbird.system.domain.User@3159ae2f}', '127.0.0.1', '2019-06-03 16:28:03', 'XX内网IP');
INSERT INTO `t_log` VALUES (980, 'admin', '访问系统', 0, 'cc.mrbird.system.controller.LoginController.index()', 'model: {user=cc.mrbird.system.domain.User@3159ae2f}', '127.0.0.1', '2019-06-03 16:28:07', 'XX内网IP');
INSERT INTO `t_log` VALUES (981, 'admin', '访问系统', 0, 'cc.mrbird.system.controller.LoginController.index()', 'model: {user=cc.mrbird.system.domain.User@43fd6465}', '127.0.0.1', '2019-06-03 16:28:24', 'XX内网IP');
INSERT INTO `t_log` VALUES (982, 'admin', '获取定时任务信息', 2, 'cc.mrbird.job.controller.JobController.index()', '', '127.0.0.1', '2019-06-03 16:28:54', 'XX内网IP');
INSERT INTO `t_log` VALUES (983, 'admin', '获取菜单信息', 0, 'cc.mrbird.system.controller.MenuController.index()', '', '127.0.0.1', '2019-06-03 16:29:06', 'XX内网IP');
INSERT INTO `t_log` VALUES (984, 'admin', '修改菜单/按钮', 122, 'cc.mrbird.system.controller.MenuController.updateMenu()', 'menu: cc.mrbird.system.domain.Menu@2c4ea0a5', '127.0.0.1', '2019-06-03 16:29:46', 'XX内网IP');
INSERT INTO `t_log` VALUES (985, 'admin', '访问系统', 0, 'cc.mrbird.system.controller.LoginController.index()', 'model: {user=cc.mrbird.system.domain.User@6eaefd1f}', '127.0.0.1', '2019-06-03 16:29:58', 'XX内网IP');
INSERT INTO `t_log` VALUES (986, 'admin', '访问系统', 0, 'cc.mrbird.system.controller.LoginController.index()', 'model: {user=cc.mrbird.system.domain.User@6eaefd1f}', '127.0.0.1', '2019-06-03 16:30:12', 'XX内网IP');
INSERT INTO `t_log` VALUES (987, 'admin', '访问系统', 0, 'cc.mrbird.system.controller.LoginController.index()', 'model: {user=cc.mrbird.system.domain.User@6eaefd1f}', '127.0.0.1', '2019-06-03 16:31:31', 'XX内网IP');
INSERT INTO `t_log` VALUES (988, 'admin', '访问系统', 0, 'cc.mrbird.system.controller.LoginController.index()', 'model: {user=cc.mrbird.system.domain.User@308cf727}', '127.0.0.1', '2019-06-03 16:58:42', 'XX内网IP');
INSERT INTO `t_log` VALUES (989, 'admin', '访问系统', 0, 'cc.mrbird.system.controller.LoginController.index()', 'model: {user=cc.mrbird.system.domain.User@4809b434}', '127.0.0.1', '2019-06-03 17:02:07', 'XX内网IP');
INSERT INTO `t_log` VALUES (990, 'admin', '访问系统', 0, 'cc.mrbird.system.controller.LoginController.index()', 'model: {user=cc.mrbird.system.domain.User@4809b434}', '127.0.0.1', '2019-06-03 17:06:54', 'XX内网IP');
INSERT INTO `t_log` VALUES (991, 'admin', '访问系统', 0, 'cc.mrbird.system.controller.LoginController.index()', 'model: {user=cc.mrbird.system.domain.User@4809b434}', '127.0.0.1', '2019-06-03 17:07:20', 'XX内网IP');
INSERT INTO `t_log` VALUES (992, 'admin', '获取定时任务信息', 3, 'cc.mrbird.job.controller.JobController.index()', '', '127.0.0.1', '2019-06-03 17:07:44', 'XX内网IP');
INSERT INTO `t_log` VALUES (993, 'admin', '获取调度日志信息', 3, 'cc.mrbird.job.controller.JobLogController.index()', '', '127.0.0.1', '2019-06-03 17:07:47', 'XX内网IP');
INSERT INTO `t_log` VALUES (994, 'admin', '获取调度日志信息', 0, 'cc.mrbird.job.controller.JobLogController.index()', '', '127.0.0.1', '2019-06-03 17:07:48', 'XX内网IP');
INSERT INTO `t_log` VALUES (995, 'admin', '获取定时任务信息', 0, 'cc.mrbird.job.controller.JobController.index()', '', '127.0.0.1', '2019-06-03 17:07:49', 'XX内网IP');
INSERT INTO `t_log` VALUES (996, 'admin', '获取调度日志信息', 0, 'cc.mrbird.job.controller.JobLogController.index()', '', '127.0.0.1', '2019-06-03 17:07:50', 'XX内网IP');
INSERT INTO `t_log` VALUES (997, 'admin', '获取调度日志信息', 0, 'cc.mrbird.job.controller.JobLogController.index()', '', '127.0.0.1', '2019-06-03 17:07:50', 'XX内网IP');
INSERT INTO `t_log` VALUES (998, 'admin', '获取天气信息', 2, 'cc.mrbird.web.controller.WeatherController.weather()', '', '127.0.0.1', '2019-06-03 17:07:52', NULL);
INSERT INTO `t_log` VALUES (999, 'admin', '获取每日一文信息', 2, 'cc.mrbird.web.controller.ArticleController.index()', '', '127.0.0.1', '2019-06-03 17:07:53', NULL);
INSERT INTO `t_log` VALUES (1000, 'admin', '获取用户信息', 12, 'cc.mrbird.system.controller.UserController.userList()', 'request: cc.mrbird.common.domain.QueryRequest@65a6d0dc  user: cc.mrbird.system.domain.User@6831b9d9', '127.0.0.1', '2019-06-03 17:07:54', 'XX内网IP');
INSERT INTO `t_log` VALUES (1001, 'admin', '获取角色信息', 0, 'cc.mrbird.system.controller.RoleController.index()', '', '127.0.0.1', '2019-06-03 17:08:03', 'XX内网IP');
INSERT INTO `t_log` VALUES (1002, 'admin', '访问系统', 0, 'cc.mrbird.system.controller.LoginController.index()', 'model: {user=cc.mrbird.system.domain.User@1762edcf}', '127.0.0.1', '2019-06-03 17:36:14', 'XX内网IP');
INSERT INTO `t_log` VALUES (1003, 'admin', '访问系统', 0, 'cc.mrbird.system.controller.LoginController.index()', 'model: {user=cc.mrbird.system.domain.User@1762edcf}', '127.0.0.1', '2019-06-03 17:36:41', 'XX内网IP');
INSERT INTO `t_log` VALUES (1004, 'admin', '访问系统', 0, 'cc.mrbird.system.controller.LoginController.index()', 'model: {user=cc.mrbird.system.domain.User@6ffdb4ae}', '127.0.0.1', '2019-06-03 17:37:21', 'XX内网IP');
INSERT INTO `t_log` VALUES (1005, 'admin', '获取用户信息', 27, 'cc.mrbird.system.controller.UserController.userList()', 'request: cc.mrbird.common.domain.QueryRequest@10191129  user: cc.mrbird.system.domain.User@2876f7c7', '127.0.0.1', '2019-06-03 17:38:46', 'XX内网IP');
INSERT INTO `t_log` VALUES (1006, 'admin', '访问系统', 0, 'cc.mrbird.system.controller.LoginController.index()', 'model: {user=cc.mrbird.system.domain.User@6ffdb4ae}', '127.0.0.1', '2019-06-03 17:39:24', 'XX内网IP');
INSERT INTO `t_log` VALUES (1007, 'admin', '访问系统', 1, 'cc.mrbird.system.controller.LoginController.index()', 'model: {user=cc.mrbird.system.domain.User@791187f3}', '127.0.0.1', '2019-06-03 17:43:19', 'XX内网IP');
INSERT INTO `t_log` VALUES (1008, 'admin', '访问系统', 0, 'cc.mrbird.system.controller.LoginController.index()', 'model: {user=cc.mrbird.system.domain.User@5417210c}', '127.0.0.1', '2019-06-03 17:49:28', 'XX内网IP');
INSERT INTO `t_log` VALUES (1009, 'admin', '访问系统', 0, 'cc.mrbird.system.controller.LoginController.index()', 'model: {user=cc.mrbird.system.domain.User@5417210c}', '127.0.0.1', '2019-06-03 17:49:38', 'XX内网IP');
INSERT INTO `t_log` VALUES (1010, 'admin', '访问系统', 0, 'cc.mrbird.system.controller.LoginController.index()', 'model: {user=cc.mrbird.system.domain.User@aed9c15}', '127.0.0.1', '2019-06-03 20:01:59', 'XX内网IP');
INSERT INTO `t_log` VALUES (1011, 'admin', '获取用户信息', 36, 'cc.mrbird.system.controller.UserController.userList()', 'request: cc.mrbird.common.domain.QueryRequest@a2af09f  user: cc.mrbird.system.domain.User@3b8659fa', '127.0.0.1', '2019-06-03 20:02:13', 'XX内网IP');
INSERT INTO `t_log` VALUES (1012, 'admin', '访问系统', 0, 'cc.mrbird.system.controller.LoginController.index()', 'model: {user=cc.mrbird.system.domain.User@aed9c15}', '127.0.0.1', '2019-06-03 20:07:37', 'XX内网IP');
INSERT INTO `t_log` VALUES (1013, 'admin', '访问系统', 0, 'cc.mrbird.system.controller.LoginController.index()', 'model: {user=cc.mrbird.system.domain.User@5ea319d4}', '127.0.0.1', '2019-06-03 20:36:04', 'XX内网IP');
INSERT INTO `t_log` VALUES (1014, 'admin', '访问系统', 1, 'cc.mrbird.system.controller.LoginController.index()', 'model: {user=cc.mrbird.system.domain.User@450c3b57}', '127.0.0.1', '2019-06-03 21:22:22', 'XX内网IP');
INSERT INTO `t_log` VALUES (1015, 'admin', '访问系统', 0, 'cc.mrbird.system.controller.LoginController.index()', 'model: {user=cc.mrbird.system.domain.User@63c195e3}', '127.0.0.1', '2019-06-03 21:26:32', NULL);
INSERT INTO `t_log` VALUES (1016, 'admin', '访问系统', 1, 'cc.mrbird.system.controller.LoginController.index()', 'model: {user=cc.mrbird.system.domain.User@23d7d593}', '127.0.0.1', '2019-06-03 21:27:45', NULL);
INSERT INTO `t_log` VALUES (1017, 'admin', '访问系统', 0, 'cc.mrbird.system.controller.LoginController.index()', 'model: {user=cc.mrbird.system.domain.User@519cceb}', '127.0.0.1', '2019-06-03 21:29:55', NULL);
INSERT INTO `t_log` VALUES (1018, 'admin', '访问系统', 0, 'cc.mrbird.system.controller.LoginController.index()', 'model: {user=cc.mrbird.system.domain.User@519cceb}', '127.0.0.1', '2019-06-03 21:30:39', 'XX内网IP');
INSERT INTO `t_log` VALUES (1019, 'admin', '访问系统', 0, 'cc.mrbird.system.controller.LoginController.index()', 'model: {user=cc.mrbird.system.domain.User@64b0cf43}', '127.0.0.1', '2019-06-03 21:35:28', 'XX内网IP');
INSERT INTO `t_log` VALUES (1020, 'admin', '获取用户信息', 12, 'cc.mrbird.system.controller.UserController.userList()', 'request: cc.mrbird.common.domain.QueryRequest@9d79e67  user: cc.mrbird.system.domain.User@70004f6', '127.0.0.1', '2019-06-03 21:37:58', 'XX内网IP');
INSERT INTO `t_log` VALUES (1021, 'admin', '访问系统', 0, 'cc.mrbird.system.controller.LoginController.index()', 'model: {user=cc.mrbird.system.domain.User@64b0cf43}', '127.0.0.1', '2019-06-03 21:50:59', 'XX内网IP');
INSERT INTO `t_log` VALUES (1022, 'admin', '获取用户信息', 7, 'cc.mrbird.system.controller.UserController.userList()', 'request: cc.mrbird.common.domain.QueryRequest@67eb2480  user: cc.mrbird.system.domain.User@a72b91c', '127.0.0.1', '2019-06-03 21:51:07', 'XX内网IP');
INSERT INTO `t_log` VALUES (1023, 'admin', '获取在线用户信息', 2, 'cc.mrbird.system.controller.SessionController.online()', '', '127.0.0.1', '2019-06-03 21:51:25', 'XX内网IP');
INSERT INTO `t_log` VALUES (1024, 'admin', '获取用户信息', 4, 'cc.mrbird.system.controller.UserController.userList()', 'request: cc.mrbird.common.domain.QueryRequest@259b7cd1  user: cc.mrbird.system.domain.User@7f233097', '127.0.0.1', '2019-06-03 21:51:28', 'XX内网IP');
INSERT INTO `t_log` VALUES (1025, 'admin', '获取角色信息', 0, 'cc.mrbird.system.controller.RoleController.index()', '', '127.0.0.1', '2019-06-03 21:51:30', 'XX内网IP');
INSERT INTO `t_log` VALUES (1026, 'admin', '获取用户信息', 5, 'cc.mrbird.system.controller.UserController.userList()', 'request: cc.mrbird.common.domain.QueryRequest@3ade9aaa  user: cc.mrbird.system.domain.User@62ea0534', '127.0.0.1', '2019-06-03 21:51:41', 'XX内网IP');
INSERT INTO `t_log` VALUES (1027, 'admin', '获取部门信息', 0, 'cc.mrbird.system.controller.DeptController.index()', '', '127.0.0.1', '2019-06-03 21:51:42', 'XX内网IP');
INSERT INTO `t_log` VALUES (1028, 'admin', '获取字典信息', 3, 'cc.mrbird.system.controller.DictController.index()', '', '127.0.0.1', '2019-06-03 21:51:43', 'XX内网IP');
INSERT INTO `t_log` VALUES (1029, 'admin', '获取菜单信息', 0, 'cc.mrbird.system.controller.MenuController.index()', '', '127.0.0.1', '2019-06-03 21:51:42', NULL);
INSERT INTO `t_log` VALUES (1030, 'admin', '访问系统', 0, 'cc.mrbird.system.controller.LoginController.index()', 'model: {user=cc.mrbird.system.domain.User@6a4d9ac}', '127.0.0.1', '2019-06-03 22:06:55', NULL);
INSERT INTO `t_log` VALUES (1031, 'admin', '访问系统', 0, 'cc.mrbird.system.controller.LoginController.index()', 'model: {user=cc.mrbird.system.domain.User@6948fe3e}', '127.0.0.1', '2019-06-03 22:08:37', NULL);
INSERT INTO `t_log` VALUES (1032, 'admin', '访问系统', 1, 'cc.mrbird.system.controller.LoginController.index()', 'model: {user=cc.mrbird.system.domain.User@646f1ffd}', '127.0.0.1', '2019-06-03 22:09:37', NULL);
INSERT INTO `t_log` VALUES (1033, 'admin', '访问系统', 0, 'cc.mrbird.system.controller.LoginController.index()', 'model: {user=cc.mrbird.system.domain.User@28dde76c}', '127.0.0.1', '2019-06-04 09:56:57', 'XX内网IP');
INSERT INTO `t_log` VALUES (1034, 'admin', '获取在线用户信息', 1, 'cc.mrbird.system.controller.SessionController.online()', '', '127.0.0.1', '2019-06-04 09:57:15', 'XX内网IP');
INSERT INTO `t_log` VALUES (1035, 'admin', '获取用户信息', 159, 'cc.mrbird.system.controller.UserController.userList()', 'request: cc.mrbird.common.domain.QueryRequest@3e6ff572  user: cc.mrbird.system.domain.User@352dc76f', '127.0.0.1', '2019-06-04 09:57:28', 'XX内网IP');
INSERT INTO `t_log` VALUES (1036, 'admin', '获取用户信息', 11, 'cc.mrbird.system.controller.UserController.userList()', 'request: cc.mrbird.common.domain.QueryRequest@8fcba6b  user: cc.mrbird.system.domain.User@56623063', '127.0.0.1', '2019-06-04 10:03:24', 'XX内网IP');
INSERT INTO `t_log` VALUES (1037, 'admin', '获取用户信息', 2, 'cc.mrbird.system.controller.UserController.userList()', 'request: cc.mrbird.common.domain.QueryRequest@3482491  user: cc.mrbird.system.domain.User@3a35ef7a', '127.0.0.1', '2019-06-04 10:03:27', 'XX内网IP');
INSERT INTO `t_log` VALUES (1038, 'admin', '获取角色信息', 0, 'cc.mrbird.system.controller.RoleController.index()', '', '127.0.0.1', '2019-06-04 10:03:42', 'XX内网IP');
INSERT INTO `t_log` VALUES (1039, 'admin', '访问系统', 0, 'cc.mrbird.system.controller.LoginController.index()', 'model: {user=cc.mrbird.system.domain.User@28dde76c}', '127.0.0.1', '2019-06-04 10:05:15', 'XX内网IP');
INSERT INTO `t_log` VALUES (1040, 'admin', '访问系统', 0, 'cc.mrbird.system.controller.LoginController.index()', 'model: {user=cc.mrbird.system.domain.User@28dde76c}', '127.0.0.1', '2019-06-04 10:05:59', 'XX内网IP');
INSERT INTO `t_log` VALUES (1041, 'admin', '访问系统', 0, 'cc.mrbird.system.controller.LoginController.index()', 'model: {user=cc.mrbird.system.domain.User@65a79c5c}', '127.0.0.1', '2019-06-04 10:06:22', 'XX内网IP');
INSERT INTO `t_log` VALUES (1042, 'admin', '访问系统', 0, 'cc.mrbird.system.controller.LoginController.index()', 'model: {user=cc.mrbird.system.domain.User@6938173b}', '127.0.0.1', '2019-06-04 10:28:40', 'XX内网IP');
INSERT INTO `t_log` VALUES (1043, 'admin', '访问系统', 0, 'cc.mrbird.system.controller.LoginController.index()', 'model: {user=cc.mrbird.system.domain.User@6938173b}', '127.0.0.1', '2019-06-04 10:30:23', 'XX内网IP');
INSERT INTO `t_log` VALUES (1044, 'admin', '访问系统', 0, 'cc.mrbird.system.controller.LoginController.index()', 'model: {user=cc.mrbird.system.domain.User@6bd1d040}', '127.0.0.1', '2019-06-04 10:34:52', 'XX内网IP');
INSERT INTO `t_log` VALUES (1045, 'admin', '访问系统', 0, 'cc.mrbird.system.controller.LoginController.index()', 'model: {user=cc.mrbird.system.domain.User@3419822}', '127.0.0.1', '2019-06-04 10:35:38', 'XX内网IP');
INSERT INTO `t_log` VALUES (1046, 'admin', '访问系统', 0, 'cc.mrbird.system.controller.LoginController.index()', 'model: {user=cc.mrbird.system.domain.User@43951b94}', '127.0.0.1', '2019-06-04 10:42:19', 'XX内网IP');
INSERT INTO `t_log` VALUES (1047, 'admin', '访问系统', 0, 'cc.mrbird.system.controller.LoginController.index()', 'model: {user=cc.mrbird.system.domain.User@640e651f}', '127.0.0.1', '2019-06-04 10:43:00', 'XX内网IP');
INSERT INTO `t_log` VALUES (1048, 'admin', '访问系统', 1, 'cc.mrbird.system.controller.LoginController.index()', 'model: {user=cc.mrbird.system.domain.User@2b1f0c56}', '127.0.0.1', '2019-06-04 10:46:30', NULL);
INSERT INTO `t_log` VALUES (1049, 'admin', '访问系统', 0, 'cc.mrbird.system.controller.LoginController.index()', 'model: {user=cc.mrbird.system.domain.User@2f41af1c}', '127.0.0.1', '2019-06-04 10:58:28', 'XX内网IP');
INSERT INTO `t_log` VALUES (1050, 'admin', '访问系统', 0, 'cc.mrbird.system.controller.LoginController.index()', 'model: {user=cc.mrbird.system.domain.User@571c6907}', '127.0.0.1', '2019-06-04 10:58:42', 'XX内网IP');
INSERT INTO `t_log` VALUES (1051, 'admin', '访问系统', 1, 'cc.mrbird.system.controller.LoginController.index()', 'model: {user=cc.mrbird.system.domain.User@d8eda88}', '127.0.0.1', '2019-06-04 11:00:49', 'XX内网IP');
INSERT INTO `t_log` VALUES (1052, 'admin', '访问系统', 0, 'cc.mrbird.system.controller.LoginController.index()', 'model: {user=cc.mrbird.system.domain.User@d8eda88}', '127.0.0.1', '2019-06-04 11:01:07', 'XX内网IP');
INSERT INTO `t_log` VALUES (1053, 'admin', '访问系统', 0, 'cc.mrbird.system.controller.LoginController.index()', 'model: {user=cc.mrbird.system.domain.User@3daaaef8}', '127.0.0.1', '2019-06-04 11:12:59', 'XX内网IP');
INSERT INTO `t_log` VALUES (1054, 'admin', '访问系统', 1, 'cc.mrbird.system.controller.LoginController.index()', 'model: {user=cc.mrbird.system.domain.User@5f246f46}', '127.0.0.1', '2019-06-04 11:16:03', 'XX内网IP');
INSERT INTO `t_log` VALUES (1055, 'admin', '访问系统', 0, 'cc.mrbird.system.controller.LoginController.index()', 'model: {user=cc.mrbird.system.domain.User@753c952b}', '127.0.0.1', '2019-06-05 16:21:22', 'XX内网IP');
INSERT INTO `t_log` VALUES (1056, 'admin', '访问系统', 0, 'cc.mrbird.system.controller.LoginController.index()', 'model: {user=cc.mrbird.system.domain.User@753c952b}', '127.0.0.1', '2019-06-05 16:24:52', 'XX内网IP');
INSERT INTO `t_log` VALUES (1057, 'admin', '获取用户信息', 368, 'cc.mrbird.system.controller.UserController.userList()', 'request: cc.mrbird.common.domain.QueryRequest@402529d9  user: cc.mrbird.system.domain.User@9f8f9', '127.0.0.1', '2019-06-05 16:25:00', 'XX内网IP');
INSERT INTO `t_log` VALUES (1058, 'admin', '获取角色信息', 0, 'cc.mrbird.system.controller.RoleController.index()', '', '127.0.0.1', '2019-06-05 16:25:02', 'XX内网IP');
INSERT INTO `t_log` VALUES (1059, 'admin', '获取菜单信息', 0, 'cc.mrbird.system.controller.MenuController.index()', '', '127.0.0.1', '2019-06-05 16:25:03', 'XX内网IP');
INSERT INTO `t_log` VALUES (1060, 'admin', '获取用户信息', 75, 'cc.mrbird.system.controller.UserController.userList()', 'request: cc.mrbird.common.domain.QueryRequest@132b195d  user: cc.mrbird.system.domain.User@4597be7', '127.0.0.1', '2019-06-05 16:25:05', 'XX内网IP');
INSERT INTO `t_log` VALUES (1061, 'admin', '获取在线用户信息', 1, 'cc.mrbird.system.controller.SessionController.online()', '', '127.0.0.1', '2019-06-05 16:25:07', 'XX内网IP');
INSERT INTO `t_log` VALUES (1062, 'admin', '访问系统', 0, 'cc.mrbird.system.controller.LoginController.index()', 'model: {user=cc.mrbird.system.domain.User@6e55710e}', '127.0.0.1', '2019-06-05 16:25:21', 'XX内网IP');
INSERT INTO `t_log` VALUES (1063, 'admin', '获取在线用户信息', 0, 'cc.mrbird.system.controller.SessionController.online()', '', '127.0.0.1', '2019-06-05 16:25:24', 'XX内网IP');
INSERT INTO `t_log` VALUES (1064, 'admin', '获取天气信息', 2, 'cc.mrbird.web.controller.WeatherController.weather()', '', '127.0.0.1', '2019-06-05 16:25:37', 'XX内网IP');
INSERT INTO `t_log` VALUES (1065, 'admin', '获取热门电影信息', 1, 'cc.mrbird.web.controller.MovieController.movieHot()', '', '127.0.0.1', '2019-06-05 16:25:41', 'XX内网IP');
INSERT INTO `t_log` VALUES (1066, 'admin', '获取用户信息', 129, 'cc.mrbird.system.controller.UserController.userList()', 'request: cc.mrbird.common.domain.QueryRequest@486db9de  user: cc.mrbird.system.domain.User@4c5e6d63', '127.0.0.1', '2019-06-05 16:25:44', 'XX内网IP');
INSERT INTO `t_log` VALUES (1067, 'admin', '访问系统', 0, 'cc.mrbird.system.controller.LoginController.index()', 'model: {user=cc.mrbird.system.domain.User@6e55710e}', '127.0.0.1', '2019-06-05 16:25:51', 'XX内网IP');
INSERT INTO `t_log` VALUES (1068, 'admin', '访问系统', 0, 'cc.mrbird.system.controller.LoginController.index()', 'model: {user=cc.mrbird.system.domain.User@6e55710e}', '127.0.0.1', '2019-06-05 16:25:51', NULL);
INSERT INTO `t_log` VALUES (1069, 'admin', '更换主题', 45, 'cc.mrbird.system.controller.UserController.updateTheme()', 'user: cc.mrbird.system.domain.User@7e06c81e', '127.0.0.1', '2019-06-05 16:27:10', 'XX内网IP');
INSERT INTO `t_log` VALUES (1070, 'admin', '更换主题', 56, 'cc.mrbird.system.controller.UserController.updateTheme()', 'user: cc.mrbird.system.domain.User@2b9300ff', '127.0.0.1', '2019-06-05 16:27:12', 'XX内网IP');
INSERT INTO `t_log` VALUES (1071, 'admin', '更换主题', 67, 'cc.mrbird.system.controller.UserController.updateTheme()', 'user: cc.mrbird.system.domain.User@1739dd42', '127.0.0.1', '2019-06-05 16:27:14', 'XX内网IP');
INSERT INTO `t_log` VALUES (1072, 'admin', '访问系统', 0, 'cc.mrbird.system.controller.LoginController.index()', 'model: {user=cc.mrbird.system.domain.User@6e55710e}', '127.0.0.1', '2019-06-05 16:28:08', 'XX内网IP');
INSERT INTO `t_log` VALUES (1073, 'admin', '访问系统', 0, 'cc.mrbird.system.controller.LoginController.index()', 'model: {user=cc.mrbird.system.domain.User@3923fc69}', '127.0.0.1', '2019-06-05 16:37:54', 'XX内网IP');
INSERT INTO `t_log` VALUES (1074, 'admin', '访问系统', 0, 'cc.mrbird.system.controller.LoginController.index()', 'model: {user=cc.mrbird.system.domain.User@3923fc69}', '127.0.0.1', '2019-06-05 16:37:58', 'XX内网IP');
INSERT INTO `t_log` VALUES (1075, 'admin', '访问系统', 0, 'cc.mrbird.system.controller.LoginController.index()', 'model: {user=cc.mrbird.system.domain.User@3923fc69}', '127.0.0.1', '2019-06-05 16:51:43', 'XX内网IP');
INSERT INTO `t_log` VALUES (1076, 'admin', '访问系统', 0, 'cc.mrbird.system.controller.LoginController.index()', 'model: {user=cc.mrbird.system.domain.User@3923fc69}', '127.0.0.1', '2019-06-05 16:55:31', 'XX内网IP');
INSERT INTO `t_log` VALUES (1077, 'admin', '访问系统', 0, 'cc.mrbird.system.controller.LoginController.index()', 'model: {user=cc.mrbird.system.domain.User@2b310425}', '127.0.0.1', '2019-06-05 16:56:49', 'XX内网IP');
INSERT INTO `t_log` VALUES (1078, 'admin', '访问系统', 0, 'cc.mrbird.system.controller.LoginController.index()', 'model: {user=cc.mrbird.system.domain.User@7166aa82}', '127.0.0.1', '2019-06-05 16:58:54', 'XX内网IP');
INSERT INTO `t_log` VALUES (1079, 'admin', '访问系统', 0, 'cc.mrbird.system.controller.LoginController.index()', 'model: {user=cc.mrbird.system.domain.User@7166aa82}', '127.0.0.1', '2019-06-05 17:31:28', 'XX内网IP');
INSERT INTO `t_log` VALUES (1080, 'admin', '访问系统', 0, 'cc.mrbird.system.controller.LoginController.index()', 'model: {user=cc.mrbird.system.domain.User@7166aa82}', '127.0.0.1', '2019-06-05 17:34:25', 'XX内网IP');
INSERT INTO `t_log` VALUES (1081, 'admin', '访问系统', 0, 'cc.mrbird.system.controller.LoginController.index()', 'model: {user=cc.mrbird.system.domain.User@7166aa82}', '127.0.0.1', '2019-06-05 17:57:01', 'XX内网IP');
INSERT INTO `t_log` VALUES (1082, 'admin', '访问系统', 0, 'cc.mrbird.system.controller.LoginController.index()', 'model: {user=cc.mrbird.system.domain.User@7166aa82}', '127.0.0.1', '2019-06-05 18:07:43', 'XX内网IP');
INSERT INTO `t_log` VALUES (1083, 'admin', '获取菜单信息', 0, 'cc.mrbird.system.controller.MenuController.index()', '', '127.0.0.1', '2019-06-05 18:26:42', 'XX内网IP');
INSERT INTO `t_log` VALUES (1084, 'admin', '获取角色信息', 2, 'cc.mrbird.system.controller.RoleController.index()', '', '127.0.0.1', '2019-06-05 18:26:42', 'XX内网IP');
INSERT INTO `t_log` VALUES (1085, 'admin', '访问系统', 0, 'cc.mrbird.system.controller.LoginController.index()', 'model: {user=cc.mrbird.system.domain.User@7166aa82}', '127.0.0.1', '2019-06-05 18:26:46', 'XX内网IP');
INSERT INTO `t_log` VALUES (1086, 'admin', '获取用户信息', 45, 'cc.mrbird.system.controller.UserController.userList()', 'request: cc.mrbird.common.domain.QueryRequest@8ec759b  user: cc.mrbird.system.domain.User@2d0fd2c2', '127.0.0.1', '2019-06-05 18:26:49', 'XX内网IP');
INSERT INTO `t_log` VALUES (1087, 'admin', '获取角色信息', 0, 'cc.mrbird.system.controller.RoleController.index()', '', '127.0.0.1', '2019-06-05 18:26:53', 'XX内网IP');
INSERT INTO `t_log` VALUES (1088, 'admin', '获取用户信息', 4, 'cc.mrbird.system.controller.UserController.userList()', 'request: cc.mrbird.common.domain.QueryRequest@60e15f57  user: cc.mrbird.system.domain.User@333350db', '127.0.0.1', '2019-06-05 18:26:54', 'XX内网IP');
INSERT INTO `t_log` VALUES (1089, 'admin', '获取角色信息', 0, 'cc.mrbird.system.controller.RoleController.index()', '', '127.0.0.1', '2019-06-05 18:26:55', 'XX内网IP');
INSERT INTO `t_log` VALUES (1090, 'admin', '获取在线用户信息', 1, 'cc.mrbird.system.controller.SessionController.online()', '', '127.0.0.1', '2019-06-05 18:32:05', 'XX内网IP');
INSERT INTO `t_log` VALUES (1091, 'admin', '获取用户信息', 3, 'cc.mrbird.system.controller.UserController.userList()', 'request: cc.mrbird.common.domain.QueryRequest@76976273  user: cc.mrbird.system.domain.User@11de299c', '127.0.0.1', '2019-06-05 18:32:06', 'XX内网IP');
INSERT INTO `t_log` VALUES (1092, 'admin', '获取角色信息', 0, 'cc.mrbird.system.controller.RoleController.index()', '', '127.0.0.1', '2019-06-05 18:32:07', 'XX内网IP');
INSERT INTO `t_log` VALUES (1093, 'admin', '获取菜单信息', 0, 'cc.mrbird.system.controller.MenuController.index()', '', '127.0.0.1', '2019-06-05 18:32:08', 'XX内网IP');

-- ----------------------------
-- Table structure for t_menu
-- ----------------------------
DROP TABLE IF EXISTS `t_menu`;
CREATE TABLE `t_menu`  (
  `MENU_ID` bigint(20) NOT NULL AUTO_INCREMENT COMMENT '菜单/按钮ID',
  `PARENT_ID` bigint(20) NOT NULL COMMENT '上级菜单ID',
  `MENU_NAME` varchar(50) CHARACTER SET utf8 COLLATE utf8_general_ci NOT NULL COMMENT '菜单/按钮名称',
  `URL` varchar(100) CHARACTER SET utf8 COLLATE utf8_general_ci NULL DEFAULT NULL COMMENT '菜单URL',
  `PERMS` text CHARACTER SET utf8 COLLATE utf8_general_ci NULL COMMENT '权限标识',
  `ICON` varchar(50) CHARACTER SET utf8 COLLATE utf8_general_ci NULL DEFAULT NULL COMMENT '图标',
  `TYPE` char(2) CHARACTER SET utf8 COLLATE utf8_general_ci NOT NULL COMMENT '类型 0菜单 1按钮',
  `ORDER_NUM` bigint(20) NULL DEFAULT NULL COMMENT '排序',
  `CREATE_TIME` datetime(0) NOT NULL COMMENT '创建时间',
  `MODIFY_TIME` datetime(0) NULL DEFAULT NULL COMMENT '修改时间',
  PRIMARY KEY (`MENU_ID`) USING BTREE
) ENGINE = InnoDB AUTO_INCREMENT = 112 CHARACTER SET = utf8 COLLATE = utf8_general_ci ROW_FORMAT = Compact;

-- ----------------------------
-- Records of t_menu
-- ----------------------------
INSERT INTO `t_menu` VALUES (1, 0, '系统管理', NULL, NULL, 'zmdi zmdi-settings', '0', 1, '2017-12-27 16:39:07', NULL);
INSERT INTO `t_menu` VALUES (2, 0, '系统监控', NULL, NULL, 'zmdi zmdi-shield-security', '0', 2, '2017-12-27 16:45:51', '2018-01-17 17:08:28');
INSERT INTO `t_menu` VALUES (3, 1, '用户管理', 'user', 'user:list', '', '0', 1, '2017-12-27 16:47:13', '2018-04-25 09:00:01');
INSERT INTO `t_menu` VALUES (4, 1, '角色管理', 'role', 'role:list', '', '0', 2, '2017-12-27 16:48:09', '2018-04-25 09:01:12');
INSERT INTO `t_menu` VALUES (5, 1, '菜单管理', 'menu', 'menu:list', '', '0', 3, '2017-12-27 16:48:57', '2018-04-25 09:01:30');
INSERT INTO `t_menu` VALUES (6, 1, '部门管理', 'dept', 'dept:list', '', '0', 4, '2017-12-27 16:57:33', '2018-04-25 09:01:40');
INSERT INTO `t_menu` VALUES (8, 2, '在线用户', 'session', 'session:list', '', '0', 1, '2017-12-27 16:59:33', '2018-04-25 09:02:04');
INSERT INTO `t_menu` VALUES (10, 2, '系统日志', 'log', 'log:list', '', '0', 3, '2017-12-27 17:00:50', '2018-04-25 09:02:18');
INSERT INTO `t_menu` VALUES (11, 3, '新增用户', NULL, 'user:add', NULL, '1', NULL, '2017-12-27 17:02:58', NULL);
INSERT INTO `t_menu` VALUES (12, 3, '修改用户', NULL, 'user:update', NULL, '1', NULL, '2017-12-27 17:04:07', NULL);
INSERT INTO `t_menu` VALUES (13, 3, '删除用户', NULL, 'user:delete', NULL, '1', NULL, '2017-12-27 17:04:58', NULL);
INSERT INTO `t_menu` VALUES (14, 4, '新增角色', NULL, 'role:add', NULL, '1', NULL, '2017-12-27 17:06:38', NULL);
INSERT INTO `t_menu` VALUES (15, 4, '修改角色', NULL, 'role:update', NULL, '1', NULL, '2017-12-27 17:06:38', NULL);
INSERT INTO `t_menu` VALUES (16, 4, '删除角色', NULL, 'role:delete', NULL, '1', NULL, '2017-12-27 17:06:38', NULL);
INSERT INTO `t_menu` VALUES (17, 5, '新增菜单', NULL, 'menu:add', NULL, '1', NULL, '2017-12-27 17:08:02', NULL);
INSERT INTO `t_menu` VALUES (18, 5, '修改菜单', NULL, 'menu:update', NULL, '1', NULL, '2017-12-27 17:08:02', NULL);
INSERT INTO `t_menu` VALUES (19, 5, '删除菜单', NULL, 'menu:delete', NULL, '1', NULL, '2017-12-27 17:08:02', NULL);
INSERT INTO `t_menu` VALUES (20, 6, '新增部门', NULL, 'dept:add', NULL, '1', NULL, '2017-12-27 17:09:24', NULL);
INSERT INTO `t_menu` VALUES (21, 6, '修改部门', NULL, 'dept:update', NULL, '1', NULL, '2017-12-27 17:09:24', NULL);
INSERT INTO `t_menu` VALUES (22, 6, '删除部门', NULL, 'dept:delete', NULL, '1', NULL, '2017-12-27 17:09:24', NULL);
INSERT INTO `t_menu` VALUES (23, 8, '踢出用户', NULL, 'user:kickout', NULL, '1', NULL, '2017-12-27 17:11:13', NULL);
INSERT INTO `t_menu` VALUES (24, 10, '删除日志', NULL, 'log:delete', NULL, '1', NULL, '2017-12-27 17:11:45', NULL);
INSERT INTO `t_menu` VALUES (58, 0, '网络资源', NULL, NULL, 'zmdi zmdi-globe-alt', '0', NULL, '2018-01-12 15:28:48', '2018-01-22 19:49:26');
INSERT INTO `t_menu` VALUES (59, 58, '天气查询', 'weather', 'weather:list', '', '0', NULL, '2018-01-12 15:40:02', '2018-04-25 09:02:57');
INSERT INTO `t_menu` VALUES (61, 58, '每日一文', 'article', 'article:list', '', '0', NULL, '2018-01-15 17:17:14', '2018-04-25 09:03:08');
INSERT INTO `t_menu` VALUES (64, 1, '字典管理', 'dict', 'dict:list', '', '0', NULL, '2018-01-18 10:38:25', '2018-04-25 09:01:50');
INSERT INTO `t_menu` VALUES (65, 64, '新增字典', NULL, 'dict:add', NULL, '1', NULL, '2018-01-18 19:10:08', NULL);
INSERT INTO `t_menu` VALUES (66, 64, '修改字典', NULL, 'dict:update', NULL, '1', NULL, '2018-01-18 19:10:27', NULL);
INSERT INTO `t_menu` VALUES (67, 64, '删除字典', NULL, 'dict:delete', NULL, '1', NULL, '2018-01-18 19:10:47', NULL);
INSERT INTO `t_menu` VALUES (81, 58, '影视资讯', NULL, NULL, NULL, '0', NULL, '2018-01-22 14:12:59', NULL);
INSERT INTO `t_menu` VALUES (82, 81, '正在热映', 'movie/hot', 'movie:hot', '', '0', NULL, '2018-01-22 14:13:47', '2018-04-25 09:03:48');
INSERT INTO `t_menu` VALUES (83, 81, '即将上映', 'movie/coming', 'movie:coming', '', '0', NULL, '2018-01-22 14:14:36', '2018-04-25 09:04:05');
INSERT INTO `t_menu` VALUES (86, 58, 'One 一个', NULL, NULL, NULL, '0', NULL, '2018-01-26 09:42:41', '2018-01-26 09:43:46');
INSERT INTO `t_menu` VALUES (87, 86, '绘画', 'one/painting', 'one:painting', '', '0', NULL, '2018-01-26 09:47:14', '2018-04-25 09:04:17');
INSERT INTO `t_menu` VALUES (88, 86, '语文', 'one/yuwen', 'one:yuwen', '', '0', NULL, '2018-01-26 09:47:40', '2018-04-25 09:04:30');
INSERT INTO `t_menu` VALUES (89, 86, '散文', 'one/essay', 'one:essay', '', '0', NULL, '2018-01-26 09:48:05', '2018-04-25 09:04:42');
INSERT INTO `t_menu` VALUES (101, 0, '任务调度', NULL, NULL, 'zmdi zmdi-alarm', '0', NULL, '2018-02-24 15:52:57', NULL);
INSERT INTO `t_menu` VALUES (102, 101, '定时任务', 'job', 'job:list', '', '0', NULL, '2018-02-24 15:53:53', '2018-04-25 09:05:12');
INSERT INTO `t_menu` VALUES (103, 102, '新增任务', NULL, 'job:add', NULL, '1', NULL, '2018-02-24 15:55:10', NULL);
INSERT INTO `t_menu` VALUES (104, 102, '修改任务', NULL, 'job:update', NULL, '1', NULL, '2018-02-24 15:55:53', NULL);
INSERT INTO `t_menu` VALUES (105, 102, '删除任务', NULL, 'job:delete', NULL, '1', NULL, '2018-02-24 15:56:18', NULL);
INSERT INTO `t_menu` VALUES (106, 102, '暂停任务', NULL, 'job:pause', NULL, '1', NULL, '2018-02-24 15:57:08', NULL);
INSERT INTO `t_menu` VALUES (107, 102, '恢复任务', NULL, 'job:resume', NULL, '1', NULL, '2018-02-24 15:58:21', NULL);
INSERT INTO `t_menu` VALUES (108, 102, '立即执行任务', NULL, 'job:run', NULL, '1', NULL, '2018-02-24 15:59:45', NULL);
INSERT INTO `t_menu` VALUES (109, 101, '调度日志', 'jobLog', 'jobLog:list', '', '0', NULL, '2018-02-24 16:00:45', '2018-04-25 09:05:25');
INSERT INTO `t_menu` VALUES (110, 109, '删除日志', NULL, 'jobLog:delete', NULL, '1', NULL, '2018-02-24 16:01:21', NULL);
INSERT INTO `t_menu` VALUES (111, 0, '博客标签', 'BlogTitleController/list', '博客标签', 'zmdi zmdi-book', '0', NULL, '2019-06-03 15:36:01', '2019-06-03 16:29:46');

-- ----------------------------
-- Table structure for t_role
-- ----------------------------
DROP TABLE IF EXISTS `t_role`;
CREATE TABLE `t_role`  (
  `ROLE_ID` bigint(20) NOT NULL AUTO_INCREMENT COMMENT '角色ID',
  `ROLE_NAME` varchar(100) CHARACTER SET utf8 COLLATE utf8_general_ci NOT NULL COMMENT '角色名称',
  `REMARK` varchar(100) CHARACTER SET utf8 COLLATE utf8_general_ci NULL DEFAULT NULL COMMENT '角色描述',
  `CREATE_TIME` datetime(0) NOT NULL COMMENT '创建时间',
  `MODIFY_TIME` datetime(0) NULL DEFAULT NULL COMMENT '修改时间',
  PRIMARY KEY (`ROLE_ID`) USING BTREE
) ENGINE = InnoDB AUTO_INCREMENT = 66 CHARACTER SET = utf8 COLLATE = utf8_general_ci ROW_FORMAT = Compact;

-- ----------------------------
-- Records of t_role
-- ----------------------------
INSERT INTO `t_role` VALUES (1, '管理员', '管理员', '2017-12-27 16:23:11', '2019-06-03 15:36:17');
INSERT INTO `t_role` VALUES (2, '测试账号', '测试账号', '2017-12-27 16:25:09', '2018-01-23 09:11:11');
INSERT INTO `t_role` VALUES (3, '注册账户', '注册账户，只可查看，不可操作', '2017-12-29 16:00:15', '2018-02-24 17:33:45');
INSERT INTO `t_role` VALUES (23, '用户管理员', '负责用户的增删改操作', '2018-01-09 15:32:41', NULL);
INSERT INTO `t_role` VALUES (24, '系统监控员', '可查看系统监控信息，但不可操作', '2018-01-09 15:52:01', '2018-03-07 19:05:33');
INSERT INTO `t_role` VALUES (25, '用户查看', '查看用户，无相应操作权限', '2018-01-09 15:56:30', NULL);
INSERT INTO `t_role` VALUES (63, '影院工作者', '可查看影视信息', '2018-02-06 08:48:28', '2018-03-07 19:05:26');
INSERT INTO `t_role` VALUES (64, '天气预报员', '可查看天气预报信息', '2018-02-27 08:47:04', NULL);
INSERT INTO `t_role` VALUES (65, '文章审核', '文章类', '2018-02-27 08:48:01', '2018-03-13 11:20:34');

-- ----------------------------
-- Table structure for t_role_menu
-- ----------------------------
DROP TABLE IF EXISTS `t_role_menu`;
CREATE TABLE `t_role_menu`  (
  `ROLE_ID` bigint(20) NOT NULL COMMENT '角色ID',
  `MENU_ID` bigint(20) NOT NULL COMMENT '菜单/按钮ID'
) ENGINE = InnoDB CHARACTER SET = utf8 COLLATE = utf8_general_ci ROW_FORMAT = Compact;

-- ----------------------------
-- Records of t_role_menu
-- ----------------------------
INSERT INTO `t_role_menu` VALUES (3, 58);
INSERT INTO `t_role_menu` VALUES (3, 59);
INSERT INTO `t_role_menu` VALUES (3, 61);
INSERT INTO `t_role_menu` VALUES (3, 81);
INSERT INTO `t_role_menu` VALUES (3, 82);
INSERT INTO `t_role_menu` VALUES (3, 83);
INSERT INTO `t_role_menu` VALUES (3, 86);
INSERT INTO `t_role_menu` VALUES (3, 87);
INSERT INTO `t_role_menu` VALUES (3, 88);
INSERT INTO `t_role_menu` VALUES (3, 89);
INSERT INTO `t_role_menu` VALUES (3, 1);
INSERT INTO `t_role_menu` VALUES (3, 3);
INSERT INTO `t_role_menu` VALUES (3, 4);
INSERT INTO `t_role_menu` VALUES (3, 5);
INSERT INTO `t_role_menu` VALUES (3, 6);
INSERT INTO `t_role_menu` VALUES (3, 64);
INSERT INTO `t_role_menu` VALUES (3, 2);
INSERT INTO `t_role_menu` VALUES (3, 8);
INSERT INTO `t_role_menu` VALUES (3, 10);
INSERT INTO `t_role_menu` VALUES (3, 101);
INSERT INTO `t_role_menu` VALUES (3, 102);
INSERT INTO `t_role_menu` VALUES (3, 109);
INSERT INTO `t_role_menu` VALUES (63, 58);
INSERT INTO `t_role_menu` VALUES (63, 81);
INSERT INTO `t_role_menu` VALUES (63, 82);
INSERT INTO `t_role_menu` VALUES (63, 83);
INSERT INTO `t_role_menu` VALUES (24, 8);
INSERT INTO `t_role_menu` VALUES (24, 2);
INSERT INTO `t_role_menu` VALUES (24, 10);
INSERT INTO `t_role_menu` VALUES (65, 86);
INSERT INTO `t_role_menu` VALUES (65, 88);
INSERT INTO `t_role_menu` VALUES (65, 89);
INSERT INTO `t_role_menu` VALUES (65, 58);
INSERT INTO `t_role_menu` VALUES (65, 61);
INSERT INTO `t_role_menu` VALUES (2, 81);
INSERT INTO `t_role_menu` VALUES (2, 61);
INSERT INTO `t_role_menu` VALUES (2, 24);
INSERT INTO `t_role_menu` VALUES (2, 82);
INSERT INTO `t_role_menu` VALUES (2, 83);
INSERT INTO `t_role_menu` VALUES (2, 58);
INSERT INTO `t_role_menu` VALUES (2, 59);
INSERT INTO `t_role_menu` VALUES (2, 2);
INSERT INTO `t_role_menu` VALUES (2, 8);
INSERT INTO `t_role_menu` VALUES (2, 10);
INSERT INTO `t_role_menu` VALUES (23, 11);
INSERT INTO `t_role_menu` VALUES (23, 12);
INSERT INTO `t_role_menu` VALUES (23, 13);
INSERT INTO `t_role_menu` VALUES (23, 3);
INSERT INTO `t_role_menu` VALUES (23, 1);
INSERT INTO `t_role_menu` VALUES (25, 1);
INSERT INTO `t_role_menu` VALUES (25, 3);
INSERT INTO `t_role_menu` VALUES (64, 59);
INSERT INTO `t_role_menu` VALUES (64, 58);
INSERT INTO `t_role_menu` VALUES (1, 103);
INSERT INTO `t_role_menu` VALUES (1, 59);
INSERT INTO `t_role_menu` VALUES (1, 104);
INSERT INTO `t_role_menu` VALUES (1, 2);
INSERT INTO `t_role_menu` VALUES (1, 105);
INSERT INTO `t_role_menu` VALUES (1, 3);
INSERT INTO `t_role_menu` VALUES (1, 106);
INSERT INTO `t_role_menu` VALUES (1, 67);
INSERT INTO `t_role_menu` VALUES (1, 107);
INSERT INTO `t_role_menu` VALUES (1, 1);
INSERT INTO `t_role_menu` VALUES (1, 108);
INSERT INTO `t_role_menu` VALUES (1, 4);
INSERT INTO `t_role_menu` VALUES (1, 109);
INSERT INTO `t_role_menu` VALUES (1, 5);
INSERT INTO `t_role_menu` VALUES (1, 110);
INSERT INTO `t_role_menu` VALUES (1, 6);
INSERT INTO `t_role_menu` VALUES (1, 111);
INSERT INTO `t_role_menu` VALUES (1, 20);
INSERT INTO `t_role_menu` VALUES (1, 21);
INSERT INTO `t_role_menu` VALUES (1, 22);
INSERT INTO `t_role_menu` VALUES (1, 10);
INSERT INTO `t_role_menu` VALUES (1, 8);
INSERT INTO `t_role_menu` VALUES (1, 58);
INSERT INTO `t_role_menu` VALUES (1, 66);
INSERT INTO `t_role_menu` VALUES (1, 11);
INSERT INTO `t_role_menu` VALUES (1, 12);
INSERT INTO `t_role_menu` VALUES (1, 64);
INSERT INTO `t_role_menu` VALUES (1, 13);
INSERT INTO `t_role_menu` VALUES (1, 14);
INSERT INTO `t_role_menu` VALUES (1, 65);
INSERT INTO `t_role_menu` VALUES (1, 15);
INSERT INTO `t_role_menu` VALUES (1, 16);
INSERT INTO `t_role_menu` VALUES (1, 17);
INSERT INTO `t_role_menu` VALUES (1, 18);
INSERT INTO `t_role_menu` VALUES (1, 23);
INSERT INTO `t_role_menu` VALUES (1, 81);
INSERT INTO `t_role_menu` VALUES (1, 82);
INSERT INTO `t_role_menu` VALUES (1, 83);
INSERT INTO `t_role_menu` VALUES (1, 19);
INSERT INTO `t_role_menu` VALUES (1, 24);
INSERT INTO `t_role_menu` VALUES (1, 61);
INSERT INTO `t_role_menu` VALUES (1, 86);
INSERT INTO `t_role_menu` VALUES (1, 87);
INSERT INTO `t_role_menu` VALUES (1, 88);
INSERT INTO `t_role_menu` VALUES (1, 89);
INSERT INTO `t_role_menu` VALUES (1, 101);
INSERT INTO `t_role_menu` VALUES (1, 102);
INSERT INTO `t_role_menu` VALUES (1, 103);
INSERT INTO `t_role_menu` VALUES (1, 104);
INSERT INTO `t_role_menu` VALUES (1, 105);
INSERT INTO `t_role_menu` VALUES (1, 106);
INSERT INTO `t_role_menu` VALUES (1, 107);
INSERT INTO `t_role_menu` VALUES (1, 108);
INSERT INTO `t_role_menu` VALUES (1, 109);
INSERT INTO `t_role_menu` VALUES (1, 110);
INSERT INTO `t_role_menu` VALUES (1, 111);

-- ----------------------------
-- Table structure for t_user
-- ----------------------------
DROP TABLE IF EXISTS `t_user`;
CREATE TABLE `t_user`  (
  `USER_ID` bigint(20) NOT NULL AUTO_INCREMENT COMMENT '用户ID',
  `USERNAME` varchar(50) CHARACTER SET utf8 COLLATE utf8_general_ci NOT NULL COMMENT '用户名',
  `PASSWORD` varchar(128) CHARACTER SET utf8 COLLATE utf8_general_ci NOT NULL COMMENT '密码',
  `DEPT_ID` bigint(20) NULL DEFAULT NULL COMMENT '部门ID',
  `EMAIL` varchar(128) CHARACTER SET utf8 COLLATE utf8_general_ci NULL DEFAULT NULL COMMENT '邮箱',
  `MOBILE` varchar(20) CHARACTER SET utf8 COLLATE utf8_general_ci NULL DEFAULT NULL COMMENT '联系电话',
  `STATUS` char(1) CHARACTER SET utf8 COLLATE utf8_general_ci NOT NULL COMMENT '状态 0锁定 1有效',
  `CRATE_TIME` datetime(0) NOT NULL COMMENT '创建时间',
  `MODIFY_TIME` datetime(0) NULL DEFAULT NULL COMMENT '修改时间',
  `LAST_LOGIN_TIME` datetime(0) NULL DEFAULT NULL COMMENT '最近访问时间',
  `SSEX` char(1) CHARACTER SET utf8 COLLATE utf8_general_ci NULL DEFAULT NULL COMMENT '性别 0男 1女',
  `THEME` varchar(10) CHARACTER SET utf8 COLLATE utf8_general_ci NULL DEFAULT NULL COMMENT '主题',
  `AVATAR` varchar(100) CHARACTER SET utf8 COLLATE utf8_general_ci NULL DEFAULT NULL COMMENT '头像',
  `DESCRIPTION` varchar(100) CHARACTER SET utf8 COLLATE utf8_general_ci NULL DEFAULT NULL COMMENT '描述',
  PRIMARY KEY (`USER_ID`) USING BTREE
) ENGINE = InnoDB AUTO_INCREMENT = 168 CHARACTER SET = utf8 COLLATE = utf8_general_ci ROW_FORMAT = Compact;

-- ----------------------------
-- Records of t_user
-- ----------------------------
INSERT INTO `t_user` VALUES (4, 'MrBird', '42ee25d1e43e9f57119a00d0a39e5250', 5, 'mrbird@hotmail.com', '13455533222', '1', '2017-12-27 15:47:19', '2018-03-21 09:05:12', '2018-04-02 17:29:32', '0', 'blue', '20180414165754.jpg', '我是作者。');
INSERT INTO `t_user` VALUES (6, 'tester', '243e29429b340192700677d48c09d992', 6, 'tester@qq.com', '13888888888', '1', '2017-12-27 17:35:14', '2018-03-27 09:21:08', '2018-01-23 09:17:27', '1', 'teal', 'default.jpg', NULL);
INSERT INTO `t_user` VALUES (23, 'scott', 'ac3af72d9f95161a502fd326865c2f15', 6, 'scott@qq.com', '15134627380', '1', '2017-12-29 16:16:39', '2018-03-29 16:18:36', '2018-03-20 17:59:04', '0', 'blue-grey', 'default.jpg', '我是scott，嗯嗯');
INSERT INTO `t_user` VALUES (24, 'smith', '228208eafc74e48c44619cc543fc0efe', 3, 'smith@qq.com', '13364754932', '1', '2017-12-29 16:21:31', '2018-02-27 08:48:16', '2018-02-27 08:48:27', '1', 'teal', 'default.jpg', NULL);
INSERT INTO `t_user` VALUES (25, 'allen', '83baac97928a113986054efacaeec1d2', 3, 'allen@qq.com', '13427374857', '0', '2017-12-29 16:21:54', '2018-01-17 11:28:16', NULL, '1', 'indigo', 'default.jpg', NULL);
INSERT INTO `t_user` VALUES (26, 'martin', 'b26c9edca9a61016bca1f6fb042e679e', 4, 'martin@qq.com', '15562736678', '1', '2017-12-29 16:22:24', '2018-01-25 09:23:15', '2018-01-25 17:24:50', '1', 'teal', 'default.jpg', NULL);
INSERT INTO `t_user` VALUES (27, 'ford', '0448f0dcfd856b0e831842072b532141', 6, 'ford@qq.com', '15599998373', '0', '2017-12-29 16:22:52', '2018-03-13 11:19:56', '2018-03-08 16:31:59', '0', 'cyan', 'default.jpg', NULL);
INSERT INTO `t_user` VALUES (91, '系统监控员', '7c28d1cd33414ac15832f7be92668b7a', 6, 'xtjk@qq.com', '18088736652', '1', '2018-01-09 15:52:56', NULL, '2018-01-09 15:53:12', '0', 'cyan', 'default.jpg', NULL);
INSERT INTO `t_user` VALUES (167, 'admin', '1fedc5a36d03c185065dd2b323886aa5', NULL, '1257303373@qq.com', '17759502257', '1', '2019-05-30 10:38:33', NULL, '2019-06-05 16:56:49', '0', 'indigo', 'default.jpg', NULL);

-- ----------------------------
-- Table structure for t_user_role
-- ----------------------------
DROP TABLE IF EXISTS `t_user_role`;
CREATE TABLE `t_user_role`  (
  `USER_ID` bigint(20) NOT NULL COMMENT '用户ID',
  `ROLE_ID` bigint(20) NOT NULL COMMENT '角色ID'
) ENGINE = InnoDB CHARACTER SET = utf8 COLLATE = utf8_general_ci ROW_FORMAT = Compact;

-- ----------------------------
-- Records of t_user_role
-- ----------------------------
INSERT INTO `t_user_role` VALUES (27, 3);
INSERT INTO `t_user_role` VALUES (24, 65);
INSERT INTO `t_user_role` VALUES (26, 3);
INSERT INTO `t_user_role` VALUES (26, 23);
INSERT INTO `t_user_role` VALUES (26, 24);
INSERT INTO `t_user_role` VALUES (25, 3);
INSERT INTO `t_user_role` VALUES (91, 24);
INSERT INTO `t_user_role` VALUES (4, 1);
INSERT INTO `t_user_role` VALUES (6, 1);
INSERT INTO `t_user_role` VALUES (6, 2);
INSERT INTO `t_user_role` VALUES (6, 3);
INSERT INTO `t_user_role` VALUES (6, 25);
INSERT INTO `t_user_role` VALUES (6, 63);
INSERT INTO `t_user_role` VALUES (23, 2);
INSERT INTO `t_user_role` VALUES (23, 3);
INSERT INTO `t_user_role` VALUES (23, 23);
INSERT INTO `t_user_role` VALUES (23, 24);
INSERT INTO `t_user_role` VALUES (23, 25);
INSERT INTO `t_user_role` VALUES (167, 1);

-- ----------------------------
-- Table structure for ts_blog_title
-- ----------------------------
DROP TABLE IF EXISTS `ts_blog_title`;
CREATE TABLE `ts_blog_title`  (
  `id` int(100) NOT NULL AUTO_INCREMENT,
  `create_time` timestamp(0) NULL DEFAULT CURRENT_TIMESTAMP ON UPDATE CURRENT_TIMESTAMP(0) COMMENT '创建时间',
  `content` text CHARACTER SET utf8 COLLATE utf8_general_ci NULL COMMENT '内容',
  `author_id` varchar(100) CHARACTER SET utf8 COLLATE utf8_general_ci NULL DEFAULT NULL COMMENT '作者id',
  `label` varchar(100) CHARACTER SET utf8 COLLATE utf8_general_ci NULL DEFAULT NULL COMMENT '标签',
  `see_num` int(10) NULL DEFAULT NULL COMMENT '浏览次数',
  `title` varchar(100) CHARACTER SET utf8 COLLATE utf8_general_ci NULL DEFAULT NULL COMMENT '标题',
  `img` varchar(255) CHARACTER SET utf8 COLLATE utf8_general_ci NULL DEFAULT NULL COMMENT '封面图片',
  PRIMARY KEY (`id`) USING BTREE
) ENGINE = InnoDB AUTO_INCREMENT = 30 CHARACTER SET = utf8 COLLATE = utf8_general_ci ROW_FORMAT = Compact;

-- ----------------------------
-- Records of ts_blog_title
-- ----------------------------
INSERT INTO `ts_blog_title` VALUES (1, '2019-06-03 21:32:21', '1', '1', '1', 1, '1', '2');
INSERT INTO `ts_blog_title` VALUES (2, '2019-06-03 21:32:23', '1', '1', '1', 1, '1', '2');
INSERT INTO `ts_blog_title` VALUES (3, '2019-06-03 21:32:22', '1', '1', '1', 1, '1', '2');
INSERT INTO `ts_blog_title` VALUES (4, '2019-06-03 21:32:24', '1', '1', '1', 1, '1', '2');
INSERT INTO `ts_blog_title` VALUES (5, '2019-06-03 21:32:25', '1', '1', '1', 1, '1', '2');
INSERT INTO `ts_blog_title` VALUES (6, '2019-06-03 21:32:29', '1', '1', '1', 1, '1', '2');
INSERT INTO `ts_blog_title` VALUES (7, '2019-06-03 21:32:28', '1', '1', '1', 1, '1', '2');
INSERT INTO `ts_blog_title` VALUES (8, '2019-06-03 21:32:27', '1', '1', '1', 1, '11', '2');
INSERT INTO `ts_blog_title` VALUES (9, '2019-06-03 21:32:36', '1', '1', '1', 1, '2', '2');
INSERT INTO `ts_blog_title` VALUES (10, '2019-06-03 21:32:34', '1', '1', '1', 1, '2', '2');
INSERT INTO `ts_blog_title` VALUES (11, '2019-06-03 21:32:33', '1', '1', '1', 1, '2', '2');
INSERT INTO `ts_blog_title` VALUES (12, '2019-06-03 21:32:32', '1', '1', '1', 1, '2', '2');
INSERT INTO `ts_blog_title` VALUES (13, '2019-06-03 21:32:31', '1', '1', '1', 1, '2', '2');
INSERT INTO `ts_blog_title` VALUES (14, '2019-06-03 21:32:37', '1', '1', '1', 1, '2', '2');
INSERT INTO `ts_blog_title` VALUES (15, '2019-06-03 21:32:39', '1', '1', '1', 1, '123', '2');
INSERT INTO `ts_blog_title` VALUES (16, '2019-06-03 21:32:38', '1', '1', '1', 1, '13', '2');
INSERT INTO `ts_blog_title` VALUES (17, '2019-06-03 21:32:41', '1', '1', '1', 1, 'ada', '2');
INSERT INTO `ts_blog_title` VALUES (18, '2019-06-03 21:32:40', '1', '1', '1', 1, 'sa', '2');
INSERT INTO `ts_blog_title` VALUES (19, '2019-06-03 21:32:42', '1', '1', '1', 1, 'asd', '2');
INSERT INTO `ts_blog_title` VALUES (20, '2019-06-03 21:32:43', '1', '1', '1', 1, 'ads', '2');
INSERT INTO `ts_blog_title` VALUES (21, '2019-06-03 21:32:44', '1', '1', '1', 1, 'ads', '2');
INSERT INTO `ts_blog_title` VALUES (22, '2019-06-03 21:32:46', '1', '1', '1', 1, 'das', '2');
INSERT INTO `ts_blog_title` VALUES (23, '2019-06-03 21:32:47', '1', '1', '1', 1, 'asd', '2');
INSERT INTO `ts_blog_title` VALUES (24, '2019-06-03 21:32:48', '1', '1', '1', 1, 'ads', '2');
INSERT INTO `ts_blog_title` VALUES (25, '2019-06-03 21:32:49', '1', '1', '1', 1, 'das', '2');
INSERT INTO `ts_blog_title` VALUES (26, '2019-06-03 21:32:50', '1', '1', '1', 1, 'ad', '2');
INSERT INTO `ts_blog_title` VALUES (27, '2019-06-03 21:32:52', '1', '1', '1', 1, 'ads', '2');
INSERT INTO `ts_blog_title` VALUES (28, '2019-06-03 21:32:53', '1', '1', '1', 1, 'fdf', '2');
INSERT INTO `ts_blog_title` VALUES (29, '2019-06-03 21:32:55', '1', '1', '1', 1, 'das', '2');

SET FOREIGN_KEY_CHECKS = 1;
